"sink_loc","source_loc","block_name","source_func"
"E:/MiniCAT_Linux_sync/dec_dir/wxda28f39391f7372d_dec/components/mp-html/node/node.js|121:34:121:34","E:/MiniCAT_Linux_sync/dec_dir/wxda28f39391f7372d_dec/components/mp-html/node/node.js|97:33:97:43","entry node of functio ...       }","imgTap"
"E:/MiniCAT_Linux_sync/dec_dir/wxda28f39391f7372d_dec/components/mp-html/node/node.js|121:34:121:34","E:/MiniCAT_Linux_sync/dec_dir/wxda28f39391f7372d_dec/components/mp-html/node/node.js|98:44:98:46","guard: e.a is true","imgTap"
"E:/MiniCAT_Linux_sync/dec_dir/wxda28f39391f7372d_dec/components/mp-html/node/node.js|121:34:121:34","E:/MiniCAT_Linux_sync/dec_dir/wxda28f39391f7372d_dec/components/mp-html/node/node.js|110:51:110:61","guard: n.currentTarget is true","linkTap"
"E:/MiniCAT_Linux_sync/dec_dir/wxda28f39391f7372d_dec/components/mp-html/node/node.js|121:34:121:34","E:/MiniCAT_Linux_sync/dec_dir/wxda28f39391f7372d_dec/components/mp-html/node/node.js|110:92:110:93","guard: n.currentTarget is false","linkTap"
"E:/MiniCAT_Linux_sync/dec_dir/wxda28f39391f7372d_dec/components/mp-html/node/node.js|121:34:121:34","E:/MiniCAT_Linux_sync/dec_dir/wxda28f39391f7372d_dec/components/mp-html/node/node.js|110:100:110:106","e = n.c ... i] : {}","linkTap"
"E:/MiniCAT_Linux_sync/dec_dir/wxda28f39391f7372d_dec/components/mp-html/node/node.js|121:34:121:34","E:/MiniCAT_Linux_sync/dec_dir/wxda28f39391f7372d_dec/components/mp-html/node/node.js|110:118:110:123","o = e.attrs || n","linkTap"
"E:/MiniCAT_Linux_sync/dec_dir/wxda28f39391f7372d_dec/common/main.js|99:34:99:108","E:/MiniCAT_Linux_sync/dec_dir/wxda28f39391f7372d_dec/common/main.js|97:33:97:38","entry node of functio ...       }","authAsk"
"E:/MiniCAT_Linux_sync/dec_dir/wxda28f39391f7372d_dec/common/main.js|108:38:108:104","E:/MiniCAT_Linux_sync/dec_dir/wxda28f39391f7372d_dec/common/main.js|104:37:106:29","guard: ""1"" == t.data.result is true","authResult"
"E:/MiniCAT_Linux_sync/dec_dir/wxda28f39391f7372d_dec/common/main.js|108:38:108:104","E:/MiniCAT_Linux_sync/dec_dir/wxda28f39391f7372d_dec/common/main.js|105:38:105:50","guard: ""1"" == t.data.result is true","authResult"
"E:/MiniCAT_Linux_sync/dec_dir/wxda28f39391f7372d_dec/common/main.js|108:38:108:104","E:/MiniCAT_Linux_sync/dec_dir/wxda28f39391f7372d_dec/common/main.js|105:38:105:43","guard: ""1"" == t.data.result is true","authResult"
"E:/MiniCAT_Linux_sync/dec_dir/wxda28f39391f7372d_dec/pages/friend/friend.js|132:34:132:121","E:/MiniCAT_Linux_sync/dec_dir/wxda28f39391f7372d_dec/pages/friend/friend.js|130:33:130:46","entry node of functio ...       }","toListItem"
"E:/MiniCAT_Linux_sync/dec_dir/wxda28f39391f7372d_dec/pages/friend/friend.js|132:34:132:121","E:/MiniCAT_Linux_sync/dec_dir/wxda28f39391f7372d_dec/pages/friend/friend.js|130:33:130:41","entry node of functio ...       }","toListItem"
"E:/MiniCAT_Linux_sync/dec_dir/wxda28f39391f7372d_dec/pages/friend/friendDetail/friendDetail.js|138:34:138:97","E:/MiniCAT_Linux_sync/dec_dir/wxda28f39391f7372d_dec/pages/friend/friendDetail/friendDetail.js|134:33:136:25","entry node of functio ...       }","toFriendAuth"
"E:/MiniCAT_Linux_sync/dec_dir/wxda28f39391f7372d_dec/pages/friend/friendDetail/friendDetail.js|138:34:138:97","E:/MiniCAT_Linux_sync/dec_dir/wxda28f39391f7372d_dec/pages/friend/friendDetail/friendDetail.js|135:34:135:55","entry node of functio ...       }","toFriendAuth"
"E:/MiniCAT_Linux_sync/dec_dir/wxda28f39391f7372d_dec/pages/friend/friendDetail/friendDetail.js|138:34:138:97","E:/MiniCAT_Linux_sync/dec_dir/wxda28f39391f7372d_dec/pages/friend/friendDetail/friendDetail.js|135:34:135:51","entry node of functio ...       }","toFriendAuth"
"E:/MiniCAT_Linux_sync/dec_dir/wxda28f39391f7372d_dec/pages/friend/friendDetail/friendDetail.js|138:34:138:97","E:/MiniCAT_Linux_sync/dec_dir/wxda28f39391f7372d_dec/pages/friend/friendDetail/friendDetail.js|135:34:135:44","entry node of functio ...       }","toFriendAuth"
"E:/MiniCAT_Linux_sync/dec_dir/wxda28f39391f7372d_dec/pages/index/deviceAdd/deviceAdd.js|109:46:109:112","E:/MiniCAT_Linux_sync/dec_dir/wxda28f39391f7372d_dec/pages/index/deviceAdd/deviceAdd.js|105:45:107:37","guard: t.user. ... ser._id is false","checkDevice"
"E:/MiniCAT_Linux_sync/dec_dir/wxda28f39391f7372d_dec/pages/index/deviceAdd/deviceAdd.js|109:46:109:112","E:/MiniCAT_Linux_sync/dec_dir/wxda28f39391f7372d_dec/pages/index/deviceAdd/deviceAdd.js|106:46:106:50","guard: t.user. ... ser._id is false","checkDevice"
"E:/MiniCAT_Linux_sync/dec_dir/wxda28f39391f7372d_dec/pages/index/deviceAdd/deviceAdd.js|116:46:116:114","E:/MiniCAT_Linux_sync/dec_dir/wxda28f39391f7372d_dec/pages/index/deviceAdd/deviceAdd.js|112:45:114:37","guard: t.user. ... ser._id is false","checkDevice"
"E:/MiniCAT_Linux_sync/dec_dir/wxda28f39391f7372d_dec/pages/index/deviceAdd/deviceAdd.js|116:46:116:114","E:/MiniCAT_Linux_sync/dec_dir/wxda28f39391f7372d_dec/pages/index/deviceAdd/deviceAdd.js|113:46:113:50","guard: t.user. ... ser._id is false","checkDevice"
"E:/MiniCAT_Linux_sync/dec_dir/wxda28f39391f7372d_dec/pages/index/deviceAdd/deviceAdd.js|141:42:141:108","E:/MiniCAT_Linux_sync/dec_dir/wxda28f39391f7372d_dec/pages/index/deviceAdd/deviceAdd.js|137:41:139:33","entry node of functio ...       }","toBindDevice"
"E:/MiniCAT_Linux_sync/dec_dir/wxda28f39391f7372d_dec/pages/index/deviceAdd/deviceAdd.js|141:42:141:108","E:/MiniCAT_Linux_sync/dec_dir/wxda28f39391f7372d_dec/pages/index/deviceAdd/deviceAdd.js|138:42:138:52","entry node of functio ...       }","toBindDevice"
"E:/MiniCAT_Linux_sync/dec_dir/wxda28f39391f7372d_dec/pages/index/deviceAdd/deviceAdd.js|141:42:141:108","E:/MiniCAT_Linux_sync/dec_dir/wxda28f39391f7372d_dec/pages/index/deviceAdd/deviceAdd.js|138:42:138:47","entry node of functio ...       }","toBindDevice"
"E:/MiniCAT_Linux_sync/dec_dir/wxda28f39391f7372d_dec/pages/index/deviceAddBlue/deviceAddBlue.js|301:54:301:120","E:/MiniCAT_Linux_sync/dec_dir/wxda28f39391f7372d_dec/pages/index/deviceAddBlue/deviceAddBlue.js|297:53:299:45","guard: s is true","checkDevice"
"E:/MiniCAT_Linux_sync/dec_dir/wxda28f39391f7372d_dec/pages/index/deviceAddBlue/deviceAddBlue.js|301:54:301:120","E:/MiniCAT_Linux_sync/dec_dir/wxda28f39391f7372d_dec/pages/index/deviceAddBlue/deviceAddBlue.js|298:54:298:58","guard: s is true","checkDevice"
"E:/MiniCAT_Linux_sync/dec_dir/wxda28f39391f7372d_dec/pages/index/deviceAddBlue/deviceAddBlue.js|327:46:327:112","E:/MiniCAT_Linux_sync/dec_dir/wxda28f39391f7372d_dec/pages/index/deviceAddBlue/deviceAddBlue.js|323:45:325:37","guard: o.user. ... ser._id is false","checkDevice"
"E:/MiniCAT_Linux_sync/dec_dir/wxda28f39391f7372d_dec/pages/index/deviceAddBlue/deviceAddBlue.js|327:46:327:112","E:/MiniCAT_Linux_sync/dec_dir/wxda28f39391f7372d_dec/pages/index/deviceAddBlue/deviceAddBlue.js|324:46:324:50","guard: o.user. ... ser._id is false","checkDevice"
"E:/MiniCAT_Linux_sync/dec_dir/wxda28f39391f7372d_dec/pages/index/deviceAuth/deviceAuth.js|272:34:272:136","E:/MiniCAT_Linux_sync/dec_dir/wxda28f39391f7372d_dec/pages/index/deviceAuth/deviceAuth.js|270:33:270:68","entry node of functio ...       }","toListItem"
"E:/MiniCAT_Linux_sync/dec_dir/wxda28f39391f7372d_dec/pages/index/deviceAuth/deviceAuth.js|272:34:272:136","E:/MiniCAT_Linux_sync/dec_dir/wxda28f39391f7372d_dec/pages/index/deviceAuth/deviceAuth.js|270:33:270:46","entry node of functio ...       }","toListItem"
"E:/MiniCAT_Linux_sync/dec_dir/wxda28f39391f7372d_dec/pages/index/deviceAuth/deviceAuth.js|272:34:272:136","E:/MiniCAT_Linux_sync/dec_dir/wxda28f39391f7372d_dec/pages/index/deviceAuth/deviceAuth.js|270:33:270:41","entry node of functio ...       }","toListItem"
"E:/MiniCAT_Linux_sync/dec_dir/wxda28f39391f7372d_dec/pages/index/deviceAddBlue/deviceAddBlue.js|334:46:334:106","E:/MiniCAT_Linux_sync/dec_dir/wxda28f39391f7372d_dec/pages/index/deviceAddBlue/deviceAddBlue.js|330:45:332:37","{\n      ...       }","checkDevice"
"E:/MiniCAT_Linux_sync/dec_dir/wxda28f39391f7372d_dec/pages/index/deviceAddBlue/deviceAddBlue.js|334:46:334:106","E:/MiniCAT_Linux_sync/dec_dir/wxda28f39391f7372d_dec/pages/index/deviceAddBlue/deviceAddBlue.js|331:46:331:50","{\n      ...       }","checkDevice"
"E:/MiniCAT_Linux_sync/dec_dir/wxda28f39391f7372d_dec/pages/index/deviceAuth/deviceAuth.js|280:34:280:92","E:/MiniCAT_Linux_sync/dec_dir/wxda28f39391f7372d_dec/pages/index/deviceAuth/deviceAuth.js|276:33:278:25","entry node of functio ...       }","toExpressView"
"E:/MiniCAT_Linux_sync/dec_dir/wxda28f39391f7372d_dec/pages/index/deviceAuth/deviceAuth.js|280:34:280:92","E:/MiniCAT_Linux_sync/dec_dir/wxda28f39391f7372d_dec/pages/index/deviceAuth/deviceAuth.js|277:34:277:76","entry node of functio ...       }","toExpressView"
"E:/MiniCAT_Linux_sync/dec_dir/wxda28f39391f7372d_dec/pages/index/deviceAuth/deviceAuth.js|280:34:280:92","E:/MiniCAT_Linux_sync/dec_dir/wxda28f39391f7372d_dec/pages/index/deviceAuth/deviceAuth.js|277:34:277:69","entry node of functio ...       }","toExpressView"
"E:/MiniCAT_Linux_sync/dec_dir/wxda28f39391f7372d_dec/pages/index/deviceAuth/deviceAuth.js|280:34:280:92","E:/MiniCAT_Linux_sync/dec_dir/wxda28f39391f7372d_dec/pages/index/deviceAuth/deviceAuth.js|277:34:277:47","entry node of functio ...       }","toExpressView"
"E:/MiniCAT_Linux_sync/dec_dir/wxda28f39391f7372d_dec/pages/index/deviceAuth/deviceAuth.js|280:34:280:92","E:/MiniCAT_Linux_sync/dec_dir/wxda28f39391f7372d_dec/pages/index/deviceAuth/deviceAuth.js|277:34:277:42","entry node of functio ...       }","toExpressView"
"E:/MiniCAT_Linux_sync/dec_dir/wxda28f39391f7372d_dec/pages/index/deviceAddBlue/deviceAddBlue.js|375:42:375:108","E:/MiniCAT_Linux_sync/dec_dir/wxda28f39391f7372d_dec/pages/index/deviceAddBlue/deviceAddBlue.js|371:41:373:33","entry node of functio ...       }","toBindDevice"
"E:/MiniCAT_Linux_sync/dec_dir/wxda28f39391f7372d_dec/pages/index/deviceAddBlue/deviceAddBlue.js|375:42:375:108","E:/MiniCAT_Linux_sync/dec_dir/wxda28f39391f7372d_dec/pages/index/deviceAddBlue/deviceAddBlue.js|372:42:372:52","entry node of functio ...       }","toBindDevice"
"E:/MiniCAT_Linux_sync/dec_dir/wxda28f39391f7372d_dec/pages/index/deviceAddBlue/deviceAddBlue.js|375:42:375:108","E:/MiniCAT_Linux_sync/dec_dir/wxda28f39391f7372d_dec/pages/index/deviceAddBlue/deviceAddBlue.js|372:42:372:47","entry node of functio ...       }","toBindDevice"
"E:/MiniCAT_Linux_sync/dec_dir/wxda28f39391f7372d_dec/pages/index/info/info.js|108:34:108:101","E:/MiniCAT_Linux_sync/dec_dir/wxda28f39391f7372d_dec/pages/index/info/info.js|104:33:106:25","entry node of functio ...       }","toListItem"
"E:/MiniCAT_Linux_sync/dec_dir/wxda28f39391f7372d_dec/pages/index/info/info.js|108:34:108:101","E:/MiniCAT_Linux_sync/dec_dir/wxda28f39391f7372d_dec/pages/index/info/info.js|105:34:105:54","entry node of functio ...       }","toListItem"
"E:/MiniCAT_Linux_sync/dec_dir/wxda28f39391f7372d_dec/pages/index/info/info.js|108:34:108:101","E:/MiniCAT_Linux_sync/dec_dir/wxda28f39391f7372d_dec/pages/index/info/info.js|105:34:105:47","entry node of functio ...       }","toListItem"
"E:/MiniCAT_Linux_sync/dec_dir/wxda28f39391f7372d_dec/pages/index/info/info.js|108:34:108:101","E:/MiniCAT_Linux_sync/dec_dir/wxda28f39391f7372d_dec/pages/index/info/info.js|105:34:105:42","entry node of functio ...       }","toListItem"
"E:/MiniCAT_Linux_sync/dec_dir/wxda28f39391f7372d_dec/pages/index/deviceAuth/deviceAuth.js|314:34:314:124","E:/MiniCAT_Linux_sync/dec_dir/wxda28f39391f7372d_dec/pages/index/deviceAuth/deviceAuth.js|309:33:312:25","entry node of functio ...       }","toAddAuthView"
"E:/MiniCAT_Linux_sync/dec_dir/wxda28f39391f7372d_dec/pages/index/deviceAuth/deviceAuth.js|314:34:314:124","E:/MiniCAT_Linux_sync/dec_dir/wxda28f39391f7372d_dec/pages/index/deviceAuth/deviceAuth.js|310:34:310:47","entry node of functio ...       }","toAddAuthView"
"E:/MiniCAT_Linux_sync/dec_dir/wxda28f39391f7372d_dec/pages/index/deviceAuth/deviceAuth.js|314:34:314:124","E:/MiniCAT_Linux_sync/dec_dir/wxda28f39391f7372d_dec/pages/index/deviceAuth/deviceAuth.js|310:34:310:43","entry node of functio ...       }","toAddAuthView"
"E:/MiniCAT_Linux_sync/dec_dir/wxda28f39391f7372d_dec/pages/manage/video/video.js|146:34:146:93","E:/MiniCAT_Linux_sync/dec_dir/wxda28f39391f7372d_dec/pages/manage/video/video.js|142:33:144:25","entry node of functio ...       }","toListItem"
"E:/MiniCAT_Linux_sync/dec_dir/wxda28f39391f7372d_dec/pages/manage/video/video.js|146:34:146:93","E:/MiniCAT_Linux_sync/dec_dir/wxda28f39391f7372d_dec/pages/manage/video/video.js|143:34:143:54","entry node of functio ...       }","toListItem"
"E:/MiniCAT_Linux_sync/dec_dir/wxda28f39391f7372d_dec/pages/manage/video/video.js|146:34:146:93","E:/MiniCAT_Linux_sync/dec_dir/wxda28f39391f7372d_dec/pages/manage/video/video.js|143:34:143:47","entry node of functio ...       }","toListItem"
"E:/MiniCAT_Linux_sync/dec_dir/wxda28f39391f7372d_dec/pages/manage/video/video.js|146:34:146:93","E:/MiniCAT_Linux_sync/dec_dir/wxda28f39391f7372d_dec/pages/manage/video/video.js|143:34:143:42","entry node of functio ...       }","toListItem"
"E:/MiniCAT_Linux_sync/dec_dir/wxda28f39391f7372d_dec/pages/person/aboutUs/aboutUs.js|122:34:122:90","E:/MiniCAT_Linux_sync/dec_dir/wxda28f39391f7372d_dec/pages/person/aboutUs/aboutUs.js|118:33:120:25","entry node of functio ...       }","toWebView"
"E:/MiniCAT_Linux_sync/dec_dir/wxda28f39391f7372d_dec/pages/index/deviceMFDetail/deviceMFDetail.js|149:38:149:108","E:/MiniCAT_Linux_sync/dec_dir/wxda28f39391f7372d_dec/pages/index/deviceMFDetail/deviceMFDetail.js|142:37:147:29","var o = ...      };","toDeviceFinger"
"E:/MiniCAT_Linux_sync/dec_dir/wxda28f39391f7372d_dec/pages/index/deviceMFDetail/deviceMFDetail.js|149:38:149:108","E:/MiniCAT_Linux_sync/dec_dir/wxda28f39391f7372d_dec/pages/index/deviceMFDetail/deviceMFDetail.js|143:38:143:57","var o = ...      };","toDeviceFinger"
"E:/MiniCAT_Linux_sync/dec_dir/wxda28f39391f7372d_dec/pages/index/deviceMFDetail/deviceMFDetail.js|149:38:149:108","E:/MiniCAT_Linux_sync/dec_dir/wxda28f39391f7372d_dec/pages/index/deviceMFDetail/deviceMFDetail.js|143:38:143:53","var o = ...      };","toDeviceFinger"
"E:/MiniCAT_Linux_sync/dec_dir/wxda28f39391f7372d_dec/pages/index/deviceMFDetail/deviceMFDetail.js|149:38:149:108","E:/MiniCAT_Linux_sync/dec_dir/wxda28f39391f7372d_dec/pages/index/deviceMFDetail/deviceMFDetail.js|143:38:143:46","var o = ...      };","toDeviceFinger"
"E:/MiniCAT_Linux_sync/dec_dir/wxda28f39391f7372d_dec/pages/index/deviceMFDetail/deviceMFDetail.js|149:38:149:108","E:/MiniCAT_Linux_sync/dec_dir/wxda28f39391f7372d_dec/pages/index/deviceMFDetail/deviceMFDetail.js|144:38:144:57","var o = ...      };","toDeviceFinger"
"E:/MiniCAT_Linux_sync/dec_dir/wxda28f39391f7372d_dec/pages/index/deviceMFDetail/deviceMFDetail.js|149:38:149:108","E:/MiniCAT_Linux_sync/dec_dir/wxda28f39391f7372d_dec/pages/index/deviceMFDetail/deviceMFDetail.js|144:38:144:53","var o = ...      };","toDeviceFinger"
"E:/MiniCAT_Linux_sync/dec_dir/wxda28f39391f7372d_dec/pages/index/deviceMFDetail/deviceMFDetail.js|149:38:149:108","E:/MiniCAT_Linux_sync/dec_dir/wxda28f39391f7372d_dec/pages/index/deviceMFDetail/deviceMFDetail.js|144:38:144:46","var o = ...      };","toDeviceFinger"
"E:/MiniCAT_Linux_sync/dec_dir/wxda28f39391f7372d_dec/pages/index/deviceMFDetail/deviceMFDetail.js|149:38:149:108","E:/MiniCAT_Linux_sync/dec_dir/wxda28f39391f7372d_dec/pages/index/deviceMFDetail/deviceMFDetail.js|145:44:145:69","var o = ...      };","toDeviceFinger"
"E:/MiniCAT_Linux_sync/dec_dir/wxda28f39391f7372d_dec/pages/index/deviceMFDetail/deviceMFDetail.js|149:38:149:108","E:/MiniCAT_Linux_sync/dec_dir/wxda28f39391f7372d_dec/pages/index/deviceMFDetail/deviceMFDetail.js|145:44:145:59","var o = ...      };","toDeviceFinger"
"E:/MiniCAT_Linux_sync/dec_dir/wxda28f39391f7372d_dec/pages/index/deviceMFDetail/deviceMFDetail.js|149:38:149:108","E:/MiniCAT_Linux_sync/dec_dir/wxda28f39391f7372d_dec/pages/index/deviceMFDetail/deviceMFDetail.js|145:44:145:52","var o = ...      };","toDeviceFinger"
"E:/MiniCAT_Linux_sync/dec_dir/wxda28f39391f7372d_dec/pages/index/deviceMFDetail/deviceMFDetail.js|149:38:149:108","E:/MiniCAT_Linux_sync/dec_dir/wxda28f39391f7372d_dec/pages/index/deviceMFDetail/deviceMFDetail.js|146:40:146:61","var o = ...      };","toDeviceFinger"
"E:/MiniCAT_Linux_sync/dec_dir/wxda28f39391f7372d_dec/pages/index/deviceMFDetail/deviceMFDetail.js|149:38:149:108","E:/MiniCAT_Linux_sync/dec_dir/wxda28f39391f7372d_dec/pages/index/deviceMFDetail/deviceMFDetail.js|146:40:146:55","var o = ...      };","toDeviceFinger"
"E:/MiniCAT_Linux_sync/dec_dir/wxda28f39391f7372d_dec/pages/index/deviceMFDetail/deviceMFDetail.js|149:38:149:108","E:/MiniCAT_Linux_sync/dec_dir/wxda28f39391f7372d_dec/pages/index/deviceMFDetail/deviceMFDetail.js|146:40:146:48","var o = ...      };","toDeviceFinger"
"E:/MiniCAT_Linux_sync/dec_dir/wxda28f39391f7372d_dec/pages/person/message/message.js|74:34:74:97","E:/MiniCAT_Linux_sync/dec_dir/wxda28f39391f7372d_dec/pages/person/message/message.js|70:33:72:25","entry node of functio ...       }","toListItem"
"E:/MiniCAT_Linux_sync/dec_dir/wxda28f39391f7372d_dec/pages/person/message/message.js|74:34:74:97","E:/MiniCAT_Linux_sync/dec_dir/wxda28f39391f7372d_dec/pages/person/message/message.js|71:34:71:54","entry node of functio ...       }","toListItem"
"E:/MiniCAT_Linux_sync/dec_dir/wxda28f39391f7372d_dec/pages/person/message/message.js|74:34:74:97","E:/MiniCAT_Linux_sync/dec_dir/wxda28f39391f7372d_dec/pages/person/message/message.js|71:34:71:47","entry node of functio ...       }","toListItem"
"E:/MiniCAT_Linux_sync/dec_dir/wxda28f39391f7372d_dec/pages/person/message/message.js|74:34:74:97","E:/MiniCAT_Linux_sync/dec_dir/wxda28f39391f7372d_dec/pages/person/message/message.js|71:34:71:42","entry node of functio ...       }","toListItem"
"E:/MiniCAT_Linux_sync/dec_dir/wxda28f39391f7372d_dec/pages/index/deviceMFDetail/deviceMFDetail.js|166:34:166:98","E:/MiniCAT_Linux_sync/dec_dir/wxda28f39391f7372d_dec/pages/index/deviceMFDetail/deviceMFDetail.js|159:33:164:25","entry node of functio ...       }","toDevicePwd"
"E:/MiniCAT_Linux_sync/dec_dir/wxda28f39391f7372d_dec/pages/index/deviceMFDetail/deviceMFDetail.js|166:34:166:98","E:/MiniCAT_Linux_sync/dec_dir/wxda28f39391f7372d_dec/pages/index/deviceMFDetail/deviceMFDetail.js|160:34:160:53","entry node of functio ...       }","toDevicePwd"
"E:/MiniCAT_Linux_sync/dec_dir/wxda28f39391f7372d_dec/pages/index/deviceMFDetail/deviceMFDetail.js|166:34:166:98","E:/MiniCAT_Linux_sync/dec_dir/wxda28f39391f7372d_dec/pages/index/deviceMFDetail/deviceMFDetail.js|160:34:160:49","entry node of functio ...       }","toDevicePwd"
"E:/MiniCAT_Linux_sync/dec_dir/wxda28f39391f7372d_dec/pages/index/deviceMFDetail/deviceMFDetail.js|166:34:166:98","E:/MiniCAT_Linux_sync/dec_dir/wxda28f39391f7372d_dec/pages/index/deviceMFDetail/deviceMFDetail.js|160:34:160:42","entry node of functio ...       }","toDevicePwd"
"E:/MiniCAT_Linux_sync/dec_dir/wxda28f39391f7372d_dec/pages/index/deviceMFDetail/deviceMFDetail.js|166:34:166:98","E:/MiniCAT_Linux_sync/dec_dir/wxda28f39391f7372d_dec/pages/index/deviceMFDetail/deviceMFDetail.js|161:34:161:53","entry node of functio ...       }","toDevicePwd"
"E:/MiniCAT_Linux_sync/dec_dir/wxda28f39391f7372d_dec/pages/index/deviceMFDetail/deviceMFDetail.js|166:34:166:98","E:/MiniCAT_Linux_sync/dec_dir/wxda28f39391f7372d_dec/pages/index/deviceMFDetail/deviceMFDetail.js|161:34:161:49","entry node of functio ...       }","toDevicePwd"
"E:/MiniCAT_Linux_sync/dec_dir/wxda28f39391f7372d_dec/pages/index/deviceMFDetail/deviceMFDetail.js|166:34:166:98","E:/MiniCAT_Linux_sync/dec_dir/wxda28f39391f7372d_dec/pages/index/deviceMFDetail/deviceMFDetail.js|161:34:161:42","entry node of functio ...       }","toDevicePwd"
"E:/MiniCAT_Linux_sync/dec_dir/wxda28f39391f7372d_dec/pages/index/deviceMFDetail/deviceMFDetail.js|166:34:166:98","E:/MiniCAT_Linux_sync/dec_dir/wxda28f39391f7372d_dec/pages/index/deviceMFDetail/deviceMFDetail.js|162:40:162:65","entry node of functio ...       }","toDevicePwd"
"E:/MiniCAT_Linux_sync/dec_dir/wxda28f39391f7372d_dec/pages/index/deviceMFDetail/deviceMFDetail.js|166:34:166:98","E:/MiniCAT_Linux_sync/dec_dir/wxda28f39391f7372d_dec/pages/index/deviceMFDetail/deviceMFDetail.js|162:40:162:55","entry node of functio ...       }","toDevicePwd"
"E:/MiniCAT_Linux_sync/dec_dir/wxda28f39391f7372d_dec/pages/index/deviceMFDetail/deviceMFDetail.js|166:34:166:98","E:/MiniCAT_Linux_sync/dec_dir/wxda28f39391f7372d_dec/pages/index/deviceMFDetail/deviceMFDetail.js|162:40:162:48","entry node of functio ...       }","toDevicePwd"
"E:/MiniCAT_Linux_sync/dec_dir/wxda28f39391f7372d_dec/pages/index/deviceMFDetail/deviceMFDetail.js|166:34:166:98","E:/MiniCAT_Linux_sync/dec_dir/wxda28f39391f7372d_dec/pages/index/deviceMFDetail/deviceMFDetail.js|163:36:163:57","entry node of functio ...       }","toDevicePwd"
"E:/MiniCAT_Linux_sync/dec_dir/wxda28f39391f7372d_dec/pages/index/deviceMFDetail/deviceMFDetail.js|166:34:166:98","E:/MiniCAT_Linux_sync/dec_dir/wxda28f39391f7372d_dec/pages/index/deviceMFDetail/deviceMFDetail.js|163:36:163:51","entry node of functio ...       }","toDevicePwd"
"E:/MiniCAT_Linux_sync/dec_dir/wxda28f39391f7372d_dec/pages/index/deviceMFDetail/deviceMFDetail.js|166:34:166:98","E:/MiniCAT_Linux_sync/dec_dir/wxda28f39391f7372d_dec/pages/index/deviceMFDetail/deviceMFDetail.js|163:36:163:44","entry node of functio ...       }","toDevicePwd"
"E:/MiniCAT_Linux_sync/dec_dir/wxda28f39391f7372d_dec/pages/index/deviceMFDetail/deviceMFDetail.js|177:34:177:96","E:/MiniCAT_Linux_sync/dec_dir/wxda28f39391f7372d_dec/pages/index/deviceMFDetail/deviceMFDetail.js|170:33:175:25","entry node of functio ...       }","toDeviceIC"
"E:/MiniCAT_Linux_sync/dec_dir/wxda28f39391f7372d_dec/pages/index/deviceMFDetail/deviceMFDetail.js|177:34:177:96","E:/MiniCAT_Linux_sync/dec_dir/wxda28f39391f7372d_dec/pages/index/deviceMFDetail/deviceMFDetail.js|171:34:171:53","entry node of functio ...       }","toDeviceIC"
"E:/MiniCAT_Linux_sync/dec_dir/wxda28f39391f7372d_dec/pages/index/deviceMFDetail/deviceMFDetail.js|177:34:177:96","E:/MiniCAT_Linux_sync/dec_dir/wxda28f39391f7372d_dec/pages/index/deviceMFDetail/deviceMFDetail.js|171:34:171:49","entry node of functio ...       }","toDeviceIC"
"E:/MiniCAT_Linux_sync/dec_dir/wxda28f39391f7372d_dec/pages/index/deviceMFDetail/deviceMFDetail.js|177:34:177:96","E:/MiniCAT_Linux_sync/dec_dir/wxda28f39391f7372d_dec/pages/index/deviceMFDetail/deviceMFDetail.js|171:34:171:42","entry node of functio ...       }","toDeviceIC"
"E:/MiniCAT_Linux_sync/dec_dir/wxda28f39391f7372d_dec/pages/index/deviceMFDetail/deviceMFDetail.js|177:34:177:96","E:/MiniCAT_Linux_sync/dec_dir/wxda28f39391f7372d_dec/pages/index/deviceMFDetail/deviceMFDetail.js|172:34:172:53","entry node of functio ...       }","toDeviceIC"
"E:/MiniCAT_Linux_sync/dec_dir/wxda28f39391f7372d_dec/pages/index/deviceMFDetail/deviceMFDetail.js|177:34:177:96","E:/MiniCAT_Linux_sync/dec_dir/wxda28f39391f7372d_dec/pages/index/deviceMFDetail/deviceMFDetail.js|172:34:172:49","entry node of functio ...       }","toDeviceIC"
"E:/MiniCAT_Linux_sync/dec_dir/wxda28f39391f7372d_dec/pages/index/deviceMFDetail/deviceMFDetail.js|177:34:177:96","E:/MiniCAT_Linux_sync/dec_dir/wxda28f39391f7372d_dec/pages/index/deviceMFDetail/deviceMFDetail.js|172:34:172:42","entry node of functio ...       }","toDeviceIC"
"E:/MiniCAT_Linux_sync/dec_dir/wxda28f39391f7372d_dec/pages/index/deviceMFDetail/deviceMFDetail.js|177:34:177:96","E:/MiniCAT_Linux_sync/dec_dir/wxda28f39391f7372d_dec/pages/index/deviceMFDetail/deviceMFDetail.js|173:40:173:65","entry node of functio ...       }","toDeviceIC"
"E:/MiniCAT_Linux_sync/dec_dir/wxda28f39391f7372d_dec/pages/index/deviceMFDetail/deviceMFDetail.js|177:34:177:96","E:/MiniCAT_Linux_sync/dec_dir/wxda28f39391f7372d_dec/pages/index/deviceMFDetail/deviceMFDetail.js|173:40:173:55","entry node of functio ...       }","toDeviceIC"
"E:/MiniCAT_Linux_sync/dec_dir/wxda28f39391f7372d_dec/pages/index/deviceMFDetail/deviceMFDetail.js|177:34:177:96","E:/MiniCAT_Linux_sync/dec_dir/wxda28f39391f7372d_dec/pages/index/deviceMFDetail/deviceMFDetail.js|173:40:173:48","entry node of functio ...       }","toDeviceIC"
"E:/MiniCAT_Linux_sync/dec_dir/wxda28f39391f7372d_dec/pages/index/deviceMFDetail/deviceMFDetail.js|177:34:177:96","E:/MiniCAT_Linux_sync/dec_dir/wxda28f39391f7372d_dec/pages/index/deviceMFDetail/deviceMFDetail.js|174:36:174:57","entry node of functio ...       }","toDeviceIC"
"E:/MiniCAT_Linux_sync/dec_dir/wxda28f39391f7372d_dec/pages/index/deviceMFDetail/deviceMFDetail.js|177:34:177:96","E:/MiniCAT_Linux_sync/dec_dir/wxda28f39391f7372d_dec/pages/index/deviceMFDetail/deviceMFDetail.js|174:36:174:51","entry node of functio ...       }","toDeviceIC"
"E:/MiniCAT_Linux_sync/dec_dir/wxda28f39391f7372d_dec/pages/index/deviceMFDetail/deviceMFDetail.js|177:34:177:96","E:/MiniCAT_Linux_sync/dec_dir/wxda28f39391f7372d_dec/pages/index/deviceMFDetail/deviceMFDetail.js|174:36:174:44","entry node of functio ...       }","toDeviceIC"
"E:/MiniCAT_Linux_sync/dec_dir/wxda28f39391f7372d_dec/pages/index/deviceMFDetail/deviceMFDetail.js|193:34:193:106","E:/MiniCAT_Linux_sync/dec_dir/wxda28f39391f7372d_dec/pages/index/deviceMFDetail/deviceMFDetail.js|181:33:191:25","entry node of functio ...       }","toUseRecord"
"E:/MiniCAT_Linux_sync/dec_dir/wxda28f39391f7372d_dec/pages/index/deviceMFDetail/deviceMFDetail.js|193:34:193:106","E:/MiniCAT_Linux_sync/dec_dir/wxda28f39391f7372d_dec/pages/index/deviceMFDetail/deviceMFDetail.js|182:34:182:47","entry node of functio ...       }","toUseRecord"
"E:/MiniCAT_Linux_sync/dec_dir/wxda28f39391f7372d_dec/pages/index/deviceMFDetail/deviceMFDetail.js|193:34:193:106","E:/MiniCAT_Linux_sync/dec_dir/wxda28f39391f7372d_dec/pages/index/deviceMFDetail/deviceMFDetail.js|182:34:182:43","entry node of functio ...       }","toUseRecord"
"E:/MiniCAT_Linux_sync/dec_dir/wxda28f39391f7372d_dec/pages/index/deviceMFDetail/deviceMFDetail.js|193:34:193:106","E:/MiniCAT_Linux_sync/dec_dir/wxda28f39391f7372d_dec/pages/index/deviceMFDetail/deviceMFDetail.js|183:37:190:29","entry node of functio ...       }","toUseRecord"
"E:/MiniCAT_Linux_sync/dec_dir/wxda28f39391f7372d_dec/pages/index/deviceMFDetail/deviceMFDetail.js|193:34:193:106","E:/MiniCAT_Linux_sync/dec_dir/wxda28f39391f7372d_dec/pages/index/deviceMFDetail/deviceMFDetail.js|184:38:184:57","entry node of functio ...       }","toUseRecord"
"E:/MiniCAT_Linux_sync/dec_dir/wxda28f39391f7372d_dec/pages/index/deviceMFDetail/deviceMFDetail.js|193:34:193:106","E:/MiniCAT_Linux_sync/dec_dir/wxda28f39391f7372d_dec/pages/index/deviceMFDetail/deviceMFDetail.js|184:38:184:53","entry node of functio ...       }","toUseRecord"
"E:/MiniCAT_Linux_sync/dec_dir/wxda28f39391f7372d_dec/pages/index/deviceMFDetail/deviceMFDetail.js|193:34:193:106","E:/MiniCAT_Linux_sync/dec_dir/wxda28f39391f7372d_dec/pages/index/deviceMFDetail/deviceMFDetail.js|184:38:184:46","entry node of functio ...       }","toUseRecord"
"E:/MiniCAT_Linux_sync/dec_dir/wxda28f39391f7372d_dec/pages/index/deviceMFDetail/deviceMFDetail.js|193:34:193:106","E:/MiniCAT_Linux_sync/dec_dir/wxda28f39391f7372d_dec/pages/index/deviceMFDetail/deviceMFDetail.js|185:38:185:57","entry node of functio ...       }","toUseRecord"
"E:/MiniCAT_Linux_sync/dec_dir/wxda28f39391f7372d_dec/pages/index/deviceMFDetail/deviceMFDetail.js|193:34:193:106","E:/MiniCAT_Linux_sync/dec_dir/wxda28f39391f7372d_dec/pages/index/deviceMFDetail/deviceMFDetail.js|185:38:185:53","entry node of functio ...       }","toUseRecord"
"E:/MiniCAT_Linux_sync/dec_dir/wxda28f39391f7372d_dec/pages/index/deviceMFDetail/deviceMFDetail.js|193:34:193:106","E:/MiniCAT_Linux_sync/dec_dir/wxda28f39391f7372d_dec/pages/index/deviceMFDetail/deviceMFDetail.js|185:38:185:46","entry node of functio ...       }","toUseRecord"
"E:/MiniCAT_Linux_sync/dec_dir/wxda28f39391f7372d_dec/pages/index/deviceMFDetail/deviceMFDetail.js|193:34:193:106","E:/MiniCAT_Linux_sync/dec_dir/wxda28f39391f7372d_dec/pages/index/deviceMFDetail/deviceMFDetail.js|186:44:186:69","entry node of functio ...       }","toUseRecord"
"E:/MiniCAT_Linux_sync/dec_dir/wxda28f39391f7372d_dec/pages/index/deviceMFDetail/deviceMFDetail.js|193:34:193:106","E:/MiniCAT_Linux_sync/dec_dir/wxda28f39391f7372d_dec/pages/index/deviceMFDetail/deviceMFDetail.js|186:44:186:59","entry node of functio ...       }","toUseRecord"
"E:/MiniCAT_Linux_sync/dec_dir/wxda28f39391f7372d_dec/pages/index/deviceMFDetail/deviceMFDetail.js|193:34:193:106","E:/MiniCAT_Linux_sync/dec_dir/wxda28f39391f7372d_dec/pages/index/deviceMFDetail/deviceMFDetail.js|186:44:186:52","entry node of functio ...       }","toUseRecord"
"E:/MiniCAT_Linux_sync/dec_dir/wxda28f39391f7372d_dec/pages/index/deviceMFDetail/deviceMFDetail.js|193:34:193:106","E:/MiniCAT_Linux_sync/dec_dir/wxda28f39391f7372d_dec/pages/index/deviceMFDetail/deviceMFDetail.js|187:46:187:73","entry node of functio ...       }","toUseRecord"
"E:/MiniCAT_Linux_sync/dec_dir/wxda28f39391f7372d_dec/pages/index/deviceMFDetail/deviceMFDetail.js|193:34:193:106","E:/MiniCAT_Linux_sync/dec_dir/wxda28f39391f7372d_dec/pages/index/deviceMFDetail/deviceMFDetail.js|187:46:187:61","entry node of functio ...       }","toUseRecord"
"E:/MiniCAT_Linux_sync/dec_dir/wxda28f39391f7372d_dec/pages/index/deviceMFDetail/deviceMFDetail.js|193:34:193:106","E:/MiniCAT_Linux_sync/dec_dir/wxda28f39391f7372d_dec/pages/index/deviceMFDetail/deviceMFDetail.js|187:46:187:54","entry node of functio ...       }","toUseRecord"
"E:/MiniCAT_Linux_sync/dec_dir/wxda28f39391f7372d_dec/pages/index/deviceMFDetail/deviceMFDetail.js|193:34:193:106","E:/MiniCAT_Linux_sync/dec_dir/wxda28f39391f7372d_dec/pages/index/deviceMFDetail/deviceMFDetail.js|188:39:188:63","electri ... y || """"","toUseRecord"
"E:/MiniCAT_Linux_sync/dec_dir/wxda28f39391f7372d_dec/pages/index/deviceMFDetail/deviceMFDetail.js|193:34:193:106","E:/MiniCAT_Linux_sync/dec_dir/wxda28f39391f7372d_dec/pages/index/deviceMFDetail/deviceMFDetail.js|188:39:188:59","electri ... y || """"","toUseRecord"
"E:/MiniCAT_Linux_sync/dec_dir/wxda28f39391f7372d_dec/pages/index/deviceMFDetail/deviceMFDetail.js|193:34:193:106","E:/MiniCAT_Linux_sync/dec_dir/wxda28f39391f7372d_dec/pages/index/deviceMFDetail/deviceMFDetail.js|188:39:188:54","electri ... y || """"","toUseRecord"
"E:/MiniCAT_Linux_sync/dec_dir/wxda28f39391f7372d_dec/pages/index/deviceMFDetail/deviceMFDetail.js|193:34:193:106","E:/MiniCAT_Linux_sync/dec_dir/wxda28f39391f7372d_dec/pages/index/deviceMFDetail/deviceMFDetail.js|188:39:188:47","electri ... y || """"","toUseRecord"
"E:/MiniCAT_Linux_sync/dec_dir/wxda28f39391f7372d_dec/pages/index/deviceMFDetail/deviceMFDetail.js|193:34:193:106","E:/MiniCAT_Linux_sync/dec_dir/wxda28f39391f7372d_dec/pages/index/deviceMFDetail/deviceMFDetail.js|189:46:189:66","electri ... y || """"","toUseRecord"
"E:/MiniCAT_Linux_sync/dec_dir/wxda28f39391f7372d_dec/pages/index/deviceMFDetail/deviceMFDetail.js|193:34:193:106","E:/MiniCAT_Linux_sync/dec_dir/wxda28f39391f7372d_dec/pages/index/deviceMFDetail/deviceMFDetail.js|189:46:189:54","electri ... y || """"","toUseRecord"
"E:/MiniCAT_Linux_sync/dec_dir/wxda28f39391f7372d_dec/pages/index/deviceMFDetail/deviceMFDetail.js|202:38:202:100","E:/MiniCAT_Linux_sync/dec_dir/wxda28f39391f7372d_dec/pages/index/deviceMFDetail/deviceMFDetail.js|198:37:200:29","guard: this.bl ... strator is true","toAuthManage"
"E:/MiniCAT_Linux_sync/dec_dir/wxda28f39391f7372d_dec/pages/index/deviceMFDetail/deviceMFDetail.js|202:38:202:100","E:/MiniCAT_Linux_sync/dec_dir/wxda28f39391f7372d_dec/pages/index/deviceMFDetail/deviceMFDetail.js|199:38:199:51","guard: this.bl ... strator is true","toAuthManage"
"E:/MiniCAT_Linux_sync/dec_dir/wxda28f39391f7372d_dec/pages/index/deviceMFDetail/deviceMFDetail.js|202:38:202:100","E:/MiniCAT_Linux_sync/dec_dir/wxda28f39391f7372d_dec/pages/index/deviceMFDetail/deviceMFDetail.js|199:38:199:47","guard: this.bl ... strator is true","toAuthManage"
"E:/MiniCAT_Linux_sync/dec_dir/wxda28f39391f7372d_dec/pages/person/login.js|146:34:146:90","E:/MiniCAT_Linux_sync/dec_dir/wxda28f39391f7372d_dec/pages/person/login.js|142:33:144:25","n += 0  ...  : ""en""","toAgreement"
"E:/MiniCAT_Linux_sync/dec_dir/wxda28f39391f7372d_dec/pages/person/login.js|157:34:157:90","E:/MiniCAT_Linux_sync/dec_dir/wxda28f39391f7372d_dec/pages/person/login.js|153:33:155:25","n += 0  ...  : ""en""","toPrivacy"
"E:/MiniCAT_Linux_sync/dec_dir/wxda28f39391f7372d_dec/pages/person/login.js|183:34:183:101","E:/MiniCAT_Linux_sync/dec_dir/wxda28f39391f7372d_dec/pages/person/login.js|179:33:181:25","entry node of functio ...       }","toAgreementView"
"E:/MiniCAT_Linux_sync/dec_dir/wxda28f39391f7372d_dec/pages/person/setting/setting.js|95:34:95:39","E:/MiniCAT_Linux_sync/dec_dir/wxda28f39391f7372d_dec/pages/person/setting/setting.js|95:34:95:39","guard: t.page is true","toSelectMenu"
"E:/MiniCAT_Linux_sync/dec_dir/wxda28f39391f7372d_dec/pages/person/person.js|139:34:139:90","E:/MiniCAT_Linux_sync/dec_dir/wxda28f39391f7372d_dec/pages/person/person.js|135:33:137:25","n += 0  ...  : ""en""","toAgreement"
"E:/MiniCAT_Linux_sync/dec_dir/wxda28f39391f7372d_dec/pages/person/person.js|149:34:149:90","E:/MiniCAT_Linux_sync/dec_dir/wxda28f39391f7372d_dec/pages/person/person.js|145:33:147:25","n += 0  ...  : ""en""","toPrivacy"
"E:/MiniCAT_Linux_sync/dec_dir/wxda28f39391f7372d_dec/pages/person/person.js|157:34:157:90","E:/MiniCAT_Linux_sync/dec_dir/wxda28f39391f7372d_dec/pages/person/person.js|153:33:155:25","entry node of functio ...       }","toWebView"
"E:/MiniCAT_Linux_sync/dec_dir/wxda28f39391f7372d_dec/pages/person/register/register.js|198:46:198:93","E:/MiniCAT_Linux_sync/dec_dir/wxda28f39391f7372d_dec/pages/person/register/register.js|194:45:196:37","entry node of functio ...       }","toSubmit"
"E:/MiniCAT_Linux_sync/dec_dir/wxda28f39391f7372d_dec/pages/person/register/register.js|198:46:198:93","E:/MiniCAT_Linux_sync/dec_dir/wxda28f39391f7372d_dec/pages/person/register/register.js|195:48:195:59","entry node of functio ...       }","toSubmit"
"E:/MiniCAT_Linux_sync/dec_dir/wxda28f39391f7372d_dec/pages/person/register/register.js|198:46:198:93","E:/MiniCAT_Linux_sync/dec_dir/wxda28f39391f7372d_dec/pages/person/register/register.js|195:48:195:53","entry node of functio ...       }","toSubmit"
"E:/MiniCAT_Linux_sync/dec_dir/wxda28f39391f7372d_dec/pages/person/person.js|186:34:186:39","E:/MiniCAT_Linux_sync/dec_dir/wxda28f39391f7372d_dec/pages/person/person.js|186:34:186:39","guard: n.page is true","toSelectMenu"
"E:/MiniCAT_Linux_sync/dec_dir/wxda28f39391f7372d_dec/pages/person/person.js|193:38:193:111","E:/MiniCAT_Linux_sync/dec_dir/wxda28f39391f7372d_dec/pages/person/person.js|188:37:191:29","guard: ""sysm"" != n.id is false","toSelectMenu"
"E:/MiniCAT_Linux_sync/dec_dir/wxda28f39391f7372d_dec/pages/person/person.js|202:34:202:90","E:/MiniCAT_Linux_sync/dec_dir/wxda28f39391f7372d_dec/pages/person/person.js|198:33:200:25","entry node of functio ...       }","toOrderList"
"E:/MiniCAT_Linux_sync/dec_dir/wxda28f39391f7372d_dec/pages/person/person.js|214:34:214:90","E:/MiniCAT_Linux_sync/dec_dir/wxda28f39391f7372d_dec/pages/person/person.js|209:33:212:25","entry node of functio ...       }","toServicePage"
"E:/MiniCAT_Linux_sync/dec_dir/wxda28f39391f7372d_dec/pages/index/index.js|242:34:242:90","E:/MiniCAT_Linux_sync/dec_dir/wxda28f39391f7372d_dec/pages/index/index.js|238:33:240:25","t += 0  ...  : ""en""","toAgreement"
"E:/MiniCAT_Linux_sync/dec_dir/wxda28f39391f7372d_dec/pages/index/index.js|252:34:252:90","E:/MiniCAT_Linux_sync/dec_dir/wxda28f39391f7372d_dec/pages/index/index.js|248:33:250:25","t += 0  ...  : ""en""","toPrivacy"
"E:/MiniCAT_Linux_sync/dec_dir/wxda28f39391f7372d_dec/pages/shop/goodsDetail/goodsDetail.js|162:34:162:105","E:/MiniCAT_Linux_sync/dec_dir/wxda28f39391f7372d_dec/pages/shop/goodsDetail/goodsDetail.js|153:33:153:42","entry node of functio ...       }","toSubmit"
"E:/MiniCAT_Linux_sync/dec_dir/wxda28f39391f7372d_dec/pages/shop/goodsDetail/goodsDetail.js|162:34:162:105","E:/MiniCAT_Linux_sync/dec_dir/wxda28f39391f7372d_dec/pages/shop/goodsDetail/goodsDetail.js|153:49:160:25","entry node of functio ...       }","toSubmit"
"E:/MiniCAT_Linux_sync/dec_dir/wxda28f39391f7372d_dec/pages/shop/goodsDetail/goodsDetail.js|162:34:162:105","E:/MiniCAT_Linux_sync/dec_dir/wxda28f39391f7372d_dec/pages/shop/goodsDetail/goodsDetail.js|154:34:154:38","entry node of functio ...       }","toSubmit"
"E:/MiniCAT_Linux_sync/dec_dir/wxda28f39391f7372d_dec/pages/shop/goodsDetail/goodsDetail.js|162:34:162:105","E:/MiniCAT_Linux_sync/dec_dir/wxda28f39391f7372d_dec/pages/shop/goodsDetail/goodsDetail.js|155:35:155:40","entry node of functio ...       }","toSubmit"
"E:/MiniCAT_Linux_sync/dec_dir/wxda28f39391f7372d_dec/pages/shop/goodsDetail/goodsDetail.js|162:34:162:105","E:/MiniCAT_Linux_sync/dec_dir/wxda28f39391f7372d_dec/pages/shop/goodsDetail/goodsDetail.js|156:35:156:40","entry node of functio ...       }","toSubmit"
"E:/MiniCAT_Linux_sync/dec_dir/wxda28f39391f7372d_dec/pages/shop/goodsDetail/goodsDetail.js|162:34:162:105","E:/MiniCAT_Linux_sync/dec_dir/wxda28f39391f7372d_dec/pages/shop/goodsDetail/goodsDetail.js|157:34:157:38","entry node of functio ...       }","toSubmit"
"E:/MiniCAT_Linux_sync/dec_dir/wxda28f39391f7372d_dec/pages/shop/goodsDetail/goodsDetail.js|162:34:162:105","E:/MiniCAT_Linux_sync/dec_dir/wxda28f39391f7372d_dec/pages/shop/goodsDetail/goodsDetail.js|158:36:158:42","entry node of functio ...       }","toSubmit"
"E:/MiniCAT_Linux_sync/dec_dir/wxda28f39391f7372d_dec/pages/shop/goodsDetail/goodsDetail.js|162:34:162:105","E:/MiniCAT_Linux_sync/dec_dir/wxda28f39391f7372d_dec/pages/shop/goodsDetail/goodsDetail.js|159:42:159:54","entry node of functio ...       }","toSubmit"
"E:/MiniCAT_Linux_sync/dec_dir/wxda28f39391f7372d_dec/pages/shop/order/order.js|118:34:118:97","E:/MiniCAT_Linux_sync/dec_dir/wxda28f39391f7372d_dec/pages/shop/order/order.js|116:33:116:67","entry node of functio ...       }","toListItem"
"E:/MiniCAT_Linux_sync/dec_dir/wxda28f39391f7372d_dec/pages/shop/order/order.js|118:34:118:97","E:/MiniCAT_Linux_sync/dec_dir/wxda28f39391f7372d_dec/pages/shop/order/order.js|116:33:116:45","entry node of functio ...       }","toListItem"
"E:/MiniCAT_Linux_sync/dec_dir/wxda28f39391f7372d_dec/pages/shop/order/order.js|118:34:118:97","E:/MiniCAT_Linux_sync/dec_dir/wxda28f39391f7372d_dec/pages/shop/order/order.js|116:33:116:41","entry node of functio ...       }","toListItem"
"E:/MiniCAT_Linux_sync/dec_dir/wxda28f39391f7372d_dec/pages/index/index.js|306:42:306:119","E:/MiniCAT_Linux_sync/dec_dir/wxda28f39391f7372d_dec/pages/index/index.js|232:104:232:113","entry node of functio ...       }","toStartApp"
"E:/MiniCAT_Linux_sync/dec_dir/wxda28f39391f7372d_dec/pages/index/index.js|306:42:306:119","E:/MiniCAT_Linux_sync/dec_dir/wxda28f39391f7372d_dec/pages/index/index.js|302:41:304:33","guard: ""feedback"" == i is true","shareIn"
"E:/MiniCAT_Linux_sync/dec_dir/wxda28f39391f7372d_dec/pages/index/index.js|306:42:306:119","E:/MiniCAT_Linux_sync/dec_dir/wxda28f39391f7372d_dec/pages/index/index.js|303:42:303:46","guard: ""feedback"" == i is true","shareIn"
"E:/MiniCAT_Linux_sync/dec_dir/wxda28f39391f7372d_dec/pages/shop/shop.js|107:34:107:83","E:/MiniCAT_Linux_sync/dec_dir/wxda28f39391f7372d_dec/pages/shop/shop.js|105:33:105:46","entry node of functio ...       }","toListItem"
"E:/MiniCAT_Linux_sync/dec_dir/wxda28f39391f7372d_dec/pages/shop/shop.js|107:34:107:83","E:/MiniCAT_Linux_sync/dec_dir/wxda28f39391f7372d_dec/pages/shop/shop.js|105:33:105:41","entry node of functio ...       }","toListItem"
"E:/MiniCAT_Linux_sync/dec_dir/wxda28f39391f7372d_dec/pages/shop/shop.js|107:34:107:83","E:/MiniCAT_Linux_sync/dec_dir/wxda28f39391f7372d_dec/pages/shop/shop.js|107:79:107:83","entry node of functio ...       }","toListItem"
"E:/MiniCAT_Linux_sync/dec_dir/wxda28f39391f7372d_dec/pages/index/index.js|331:34:331:62","E:/MiniCAT_Linux_sync/dec_dir/wxda28f39391f7372d_dec/pages/index/index.js|331:34:331:42","guard: t.path.wx is true","toSelectSwiper"
"E:/MiniCAT_Linux_sync/dec_dir/wxda28f39391f7372d_dec/pages/index/index.js|331:34:331:62","E:/MiniCAT_Linux_sync/dec_dir/wxda28f39391f7372d_dec/pages/index/index.js|331:34:331:39","guard: t.path.wx is true","toSelectSwiper"
"E:/MiniCAT_Linux_sync/dec_dir/wxda28f39391f7372d_dec/pages/index/index.js|331:34:331:62","E:/MiniCAT_Linux_sync/dec_dir/wxda28f39391f7372d_dec/pages/index/index.js|331:56:331:62","guard: t.path.wx is true","toSelectSwiper"
"E:/MiniCAT_Linux_sync/dec_dir/wxda28f39391f7372d_dec/pages/index/index.js|333:34:333:39","E:/MiniCAT_Linux_sync/dec_dir/wxda28f39391f7372d_dec/pages/index/index.js|333:34:333:39","guard: t.path is true","toSelectSwiper"
"E:/MiniCAT_Linux_sync/dec_dir/wxda28f39391f7372d_dec/pages/index/index.js|419:46:419:120","E:/MiniCAT_Linux_sync/dec_dir/wxda28f39391f7372d_dec/pages/index/index.js|413:45:417:37","guard: t.authUser is true","getAuthOne"
"E:/MiniCAT_Linux_sync/dec_dir/wxda28f39391f7372d_dec/pages/index/index.js|419:46:419:120","E:/MiniCAT_Linux_sync/dec_dir/wxda28f39391f7372d_dec/pages/index/index.js|414:49:414:56","guard: t.authUser is true","getAuthOne"
"E:/MiniCAT_Linux_sync/dec_dir/wxda28f39391f7372d_dec/pages/index/index.js|419:46:419:120","E:/MiniCAT_Linux_sync/dec_dir/wxda28f39391f7372d_dec/pages/index/index.js|415:55:415:68","guard: t.authUser is true","getAuthOne"
"E:/MiniCAT_Linux_sync/dec_dir/wxda28f39391f7372d_dec/pages/index/index.js|419:46:419:120","E:/MiniCAT_Linux_sync/dec_dir/wxda28f39391f7372d_dec/pages/index/index.js|416:51:416:60","guard: t.authUser is true","getAuthOne"
"E:/MiniCAT_Linux_sync/dec_dir/wxda28f39391f7372d_dec/pages/index/index.js|423:46:423:113","E:/MiniCAT_Linux_sync/dec_dir/wxda28f39391f7372d_dec/pages/index/index.js|423:106:423:113","guard: 0 == t. ... ""MDAY"") is true","getAuthOne"
"E:/MiniCAT_Linux_sync/dec_dir/wxda28f39391f7372d_dec/pages/index/index.js|429:46:429:112","E:/MiniCAT_Linux_sync/dec_dir/wxda28f39391f7372d_dec/pages/index/index.js|425:45:427:37","guard: 0 == t. ... ""MDAY"") is false","getAuthOne"
"E:/MiniCAT_Linux_sync/dec_dir/wxda28f39391f7372d_dec/pages/index/index.js|429:46:429:112","E:/MiniCAT_Linux_sync/dec_dir/wxda28f39391f7372d_dec/pages/index/index.js|426:46:426:53","guard: 0 == t. ... ""MDAY"") is false","getAuthOne"
"E:/MiniCAT_Linux_sync/dec_dir/wxda28f39391f7372d_dec/pages/index/deviceUseRecord/deviceUseRecord.js|354:34:354:136","E:/MiniCAT_Linux_sync/dec_dir/wxda28f39391f7372d_dec/pages/index/deviceUseRecord/deviceUseRecord.js|352:33:352:68","entry node of functio ...       }","toListItem"
"E:/MiniCAT_Linux_sync/dec_dir/wxda28f39391f7372d_dec/pages/index/deviceUseRecord/deviceUseRecord.js|354:34:354:136","E:/MiniCAT_Linux_sync/dec_dir/wxda28f39391f7372d_dec/pages/index/deviceUseRecord/deviceUseRecord.js|352:33:352:46","entry node of functio ...       }","toListItem"
"E:/MiniCAT_Linux_sync/dec_dir/wxda28f39391f7372d_dec/pages/index/deviceUseRecord/deviceUseRecord.js|354:34:354:136","E:/MiniCAT_Linux_sync/dec_dir/wxda28f39391f7372d_dec/pages/index/deviceUseRecord/deviceUseRecord.js|352:33:352:41","entry node of functio ...       }","toListItem"
"E:/MiniCAT_Linux_sync/dec_dir/wxda28f39391f7372d_dec/pages/index/index.js|504:34:504:100","E:/MiniCAT_Linux_sync/dec_dir/wxda28f39391f7372d_dec/pages/index/index.js|497:33:497:46","entry node of functio ...       }","toListItem"
"E:/MiniCAT_Linux_sync/dec_dir/wxda28f39391f7372d_dec/pages/index/index.js|504:34:504:100","E:/MiniCAT_Linux_sync/dec_dir/wxda28f39391f7372d_dec/pages/index/index.js|497:33:497:41","entry node of functio ...       }","toListItem"
"E:/MiniCAT_Linux_sync/dec_dir/wxda28f39391f7372d_dec/pages/index/index.js|504:34:504:100","E:/MiniCAT_Linux_sync/dec_dir/wxda28f39391f7372d_dec/pages/index/index.js|499:33:502:25","entry node of functio ...       }","toListItem"
"E:/MiniCAT_Linux_sync/dec_dir/wxda28f39391f7372d_dec/pages/index/index.js|504:34:504:100","E:/MiniCAT_Linux_sync/dec_dir/wxda28f39391f7372d_dec/pages/index/index.js|500:34:500:38","entry node of functio ...       }","toListItem"
"E:/MiniCAT_Linux_sync/dec_dir/wxda28f39391f7372d_dec/pages/index/deviceUseRecord/deviceUseRecord.js|362:34:362:92","E:/MiniCAT_Linux_sync/dec_dir/wxda28f39391f7372d_dec/pages/index/deviceUseRecord/deviceUseRecord.js|358:33:360:25","entry node of functio ...       }","toExpressView"
"E:/MiniCAT_Linux_sync/dec_dir/wxda28f39391f7372d_dec/pages/index/deviceUseRecord/deviceUseRecord.js|362:34:362:92","E:/MiniCAT_Linux_sync/dec_dir/wxda28f39391f7372d_dec/pages/index/deviceUseRecord/deviceUseRecord.js|359:34:359:76","entry node of functio ...       }","toExpressView"
"E:/MiniCAT_Linux_sync/dec_dir/wxda28f39391f7372d_dec/pages/index/deviceUseRecord/deviceUseRecord.js|362:34:362:92","E:/MiniCAT_Linux_sync/dec_dir/wxda28f39391f7372d_dec/pages/index/deviceUseRecord/deviceUseRecord.js|359:34:359:69","entry node of functio ...       }","toExpressView"
"E:/MiniCAT_Linux_sync/dec_dir/wxda28f39391f7372d_dec/pages/index/deviceUseRecord/deviceUseRecord.js|362:34:362:92","E:/MiniCAT_Linux_sync/dec_dir/wxda28f39391f7372d_dec/pages/index/deviceUseRecord/deviceUseRecord.js|359:34:359:47","entry node of functio ...       }","toExpressView"
"E:/MiniCAT_Linux_sync/dec_dir/wxda28f39391f7372d_dec/pages/index/deviceUseRecord/deviceUseRecord.js|362:34:362:92","E:/MiniCAT_Linux_sync/dec_dir/wxda28f39391f7372d_dec/pages/index/deviceUseRecord/deviceUseRecord.js|359:34:359:42","entry node of functio ...       }","toExpressView"
"E:/MiniCAT_Linux_sync/dec_dir/wxda28f39391f7372d_dec/pages/index/index.js|515:34:515:100","E:/MiniCAT_Linux_sync/dec_dir/wxda28f39391f7372d_dec/pages/index/index.js|508:33:508:50","entry node of functio ...       }","toListTempItem"
"E:/MiniCAT_Linux_sync/dec_dir/wxda28f39391f7372d_dec/pages/index/index.js|515:34:515:100","E:/MiniCAT_Linux_sync/dec_dir/wxda28f39391f7372d_dec/pages/index/index.js|508:33:508:45","entry node of functio ...       }","toListTempItem"
"E:/MiniCAT_Linux_sync/dec_dir/wxda28f39391f7372d_dec/pages/index/index.js|515:34:515:100","E:/MiniCAT_Linux_sync/dec_dir/wxda28f39391f7372d_dec/pages/index/index.js|510:33:513:25","entry node of functio ...       }","toListTempItem"
"E:/MiniCAT_Linux_sync/dec_dir/wxda28f39391f7372d_dec/pages/index/index.js|515:34:515:100","E:/MiniCAT_Linux_sync/dec_dir/wxda28f39391f7372d_dec/pages/index/index.js|511:34:511:38","entry node of functio ...       }","toListTempItem"
"E:/MiniCAT_Linux_sync/dec_dir/wxda28f39391f7372d_dec/pages/index/index.js|573:34:575:30","E:/MiniCAT_Linux_sync/dec_dir/wxda28f39391f7372d_dec/pages/index/index.js|573:101:575:29","guard: this.user._id is true","toDeviceAdd"
"E:/MiniCAT_Linux_sync/dec_dir/wxda28f39391f7372d_dec/pages/index/index.js|605:54:605:120","E:/MiniCAT_Linux_sync/dec_dir/wxda28f39391f7372d_dec/pages/index/index.js|601:53:603:45","guard: r is true","checkDevice"
"E:/MiniCAT_Linux_sync/dec_dir/wxda28f39391f7372d_dec/pages/index/index.js|605:54:605:120","E:/MiniCAT_Linux_sync/dec_dir/wxda28f39391f7372d_dec/pages/index/index.js|602:54:602:58","guard: r is true","checkDevice"
"E:/MiniCAT_Linux_sync/dec_dir/wxda28f39391f7372d_dec/pages/index/index.js|631:46:631:112","E:/MiniCAT_Linux_sync/dec_dir/wxda28f39391f7372d_dec/pages/index/index.js|627:45:629:37","guard: a.user. ... ser._id is false","checkDevice"
"E:/MiniCAT_Linux_sync/dec_dir/wxda28f39391f7372d_dec/pages/index/index.js|631:46:631:112","E:/MiniCAT_Linux_sync/dec_dir/wxda28f39391f7372d_dec/pages/index/index.js|628:46:628:50","guard: a.user. ... ser._id is false","checkDevice"
"E:/MiniCAT_Linux_sync/dec_dir/wxda28f39391f7372d_dec/pages/index/index.js|638:46:638:106","E:/MiniCAT_Linux_sync/dec_dir/wxda28f39391f7372d_dec/pages/index/index.js|634:45:636:37","{\n      ...       }","checkDevice"
"E:/MiniCAT_Linux_sync/dec_dir/wxda28f39391f7372d_dec/pages/index/index.js|638:46:638:106","E:/MiniCAT_Linux_sync/dec_dir/wxda28f39391f7372d_dec/pages/index/index.js|635:46:635:50","{\n      ...       }","checkDevice"
"E:/MiniCAT_Linux_sync/dec_dir/wxda28f39391f7372d_dec/pages/index/index.js|678:42:678:108","E:/MiniCAT_Linux_sync/dec_dir/wxda28f39391f7372d_dec/pages/index/index.js|232:104:232:113","entry node of functio ...       }","toStartApp"
"E:/MiniCAT_Linux_sync/dec_dir/wxda28f39391f7372d_dec/pages/index/index.js|678:42:678:108","E:/MiniCAT_Linux_sync/dec_dir/wxda28f39391f7372d_dec/pages/index/index.js|296:52:296:58","guard: ""authResult"" == i is true","shareIn"
"E:/MiniCAT_Linux_sync/dec_dir/wxda28f39391f7372d_dec/pages/index/index.js|678:42:678:108","E:/MiniCAT_Linux_sync/dec_dir/wxda28f39391f7372d_dec/pages/index/index.js|299:52:299:58","guard: ""authOne"" == i is true","shareIn"
"E:/MiniCAT_Linux_sync/dec_dir/wxda28f39391f7372d_dec/pages/index/index.js|678:42:678:108","E:/MiniCAT_Linux_sync/dec_dir/wxda28f39391f7372d_dec/pages/index/index.js|664:33:669:25","entry node of functio ...       }","toAuthOne"
"E:/MiniCAT_Linux_sync/dec_dir/wxda28f39391f7372d_dec/pages/index/index.js|678:42:678:108","E:/MiniCAT_Linux_sync/dec_dir/wxda28f39391f7372d_dec/pages/index/index.js|665:37:665:44","entry node of functio ...       }","toAuthOne"
"E:/MiniCAT_Linux_sync/dec_dir/wxda28f39391f7372d_dec/pages/index/index.js|678:42:678:108","E:/MiniCAT_Linux_sync/dec_dir/wxda28f39391f7372d_dec/pages/index/index.js|674:41:676:33","entry node of functio ...       }","toAuthOne"
"E:/MiniCAT_Linux_sync/dec_dir/wxda28f39391f7372d_dec/pages/index/index.js|678:42:678:108","E:/MiniCAT_Linux_sync/dec_dir/wxda28f39391f7372d_dec/pages/index/index.js|675:42:675:49","entry node of functio ...       }","toAuthOne"
"E:/MiniCAT_Linux_sync/dec_dir/wxda28f39391f7372d_dec/pages/record/record.js|305:34:305:136","E:/MiniCAT_Linux_sync/dec_dir/wxda28f39391f7372d_dec/pages/record/record.js|303:33:303:68","entry node of functio ...       }","toListItem"
"E:/MiniCAT_Linux_sync/dec_dir/wxda28f39391f7372d_dec/pages/record/record.js|305:34:305:136","E:/MiniCAT_Linux_sync/dec_dir/wxda28f39391f7372d_dec/pages/record/record.js|303:33:303:46","entry node of functio ...       }","toListItem"
"E:/MiniCAT_Linux_sync/dec_dir/wxda28f39391f7372d_dec/pages/record/record.js|305:34:305:136","E:/MiniCAT_Linux_sync/dec_dir/wxda28f39391f7372d_dec/pages/record/record.js|303:33:303:41","entry node of functio ...       }","toListItem"
"E:/MiniCAT_Linux_sync/dec_dir/wxda28f39391f7372d_dec/pages/record/record.js|313:34:313:92","E:/MiniCAT_Linux_sync/dec_dir/wxda28f39391f7372d_dec/pages/record/record.js|309:33:311:25","entry node of functio ...       }","toExpressView"
"E:/MiniCAT_Linux_sync/dec_dir/wxda28f39391f7372d_dec/pages/record/record.js|313:34:313:92","E:/MiniCAT_Linux_sync/dec_dir/wxda28f39391f7372d_dec/pages/record/record.js|310:34:310:76","entry node of functio ...       }","toExpressView"
"E:/MiniCAT_Linux_sync/dec_dir/wxda28f39391f7372d_dec/pages/record/record.js|313:34:313:92","E:/MiniCAT_Linux_sync/dec_dir/wxda28f39391f7372d_dec/pages/record/record.js|310:34:310:69","entry node of functio ...       }","toExpressView"
"E:/MiniCAT_Linux_sync/dec_dir/wxda28f39391f7372d_dec/pages/record/record.js|313:34:313:92","E:/MiniCAT_Linux_sync/dec_dir/wxda28f39391f7372d_dec/pages/record/record.js|310:34:310:47","entry node of functio ...       }","toExpressView"
"E:/MiniCAT_Linux_sync/dec_dir/wxda28f39391f7372d_dec/pages/record/record.js|313:34:313:92","E:/MiniCAT_Linux_sync/dec_dir/wxda28f39391f7372d_dec/pages/record/record.js|310:34:310:42","entry node of functio ...       }","toExpressView"
"E:/MiniCAT_Linux_sync/dec_dir/wxda28f39391f7372d_dec/pages/index/deviceDetail/deviceDetail.js|441:34:441:100","E:/MiniCAT_Linux_sync/dec_dir/wxda28f39391f7372d_dec/pages/index/deviceDetail/deviceDetail.js|430:33:439:25","entry node of functio ...       }","toDeviceUpdate"
"E:/MiniCAT_Linux_sync/dec_dir/wxda28f39391f7372d_dec/pages/index/deviceDetail/deviceDetail.js|441:34:441:100","E:/MiniCAT_Linux_sync/dec_dir/wxda28f39391f7372d_dec/pages/index/deviceDetail/deviceDetail.js|431:34:431:53","entry node of functio ...       }","toDeviceUpdate"
"E:/MiniCAT_Linux_sync/dec_dir/wxda28f39391f7372d_dec/pages/index/deviceDetail/deviceDetail.js|441:34:441:100","E:/MiniCAT_Linux_sync/dec_dir/wxda28f39391f7372d_dec/pages/index/deviceDetail/deviceDetail.js|431:34:431:49","entry node of functio ...       }","toDeviceUpdate"
"E:/MiniCAT_Linux_sync/dec_dir/wxda28f39391f7372d_dec/pages/index/deviceDetail/deviceDetail.js|441:34:441:100","E:/MiniCAT_Linux_sync/dec_dir/wxda28f39391f7372d_dec/pages/index/deviceDetail/deviceDetail.js|431:34:431:42","entry node of functio ...       }","toDeviceUpdate"
"E:/MiniCAT_Linux_sync/dec_dir/wxda28f39391f7372d_dec/pages/index/deviceDetail/deviceDetail.js|441:34:441:100","E:/MiniCAT_Linux_sync/dec_dir/wxda28f39391f7372d_dec/pages/index/deviceDetail/deviceDetail.js|432:34:432:53","entry node of functio ...       }","toDeviceUpdate"
"E:/MiniCAT_Linux_sync/dec_dir/wxda28f39391f7372d_dec/pages/index/deviceDetail/deviceDetail.js|441:34:441:100","E:/MiniCAT_Linux_sync/dec_dir/wxda28f39391f7372d_dec/pages/index/deviceDetail/deviceDetail.js|432:34:432:49","entry node of functio ...       }","toDeviceUpdate"
"E:/MiniCAT_Linux_sync/dec_dir/wxda28f39391f7372d_dec/pages/index/deviceDetail/deviceDetail.js|441:34:441:100","E:/MiniCAT_Linux_sync/dec_dir/wxda28f39391f7372d_dec/pages/index/deviceDetail/deviceDetail.js|432:34:432:42","entry node of functio ...       }","toDeviceUpdate"
"E:/MiniCAT_Linux_sync/dec_dir/wxda28f39391f7372d_dec/pages/index/deviceDetail/deviceDetail.js|441:34:441:100","E:/MiniCAT_Linux_sync/dec_dir/wxda28f39391f7372d_dec/pages/index/deviceDetail/deviceDetail.js|433:40:433:65","entry node of functio ...       }","toDeviceUpdate"
"E:/MiniCAT_Linux_sync/dec_dir/wxda28f39391f7372d_dec/pages/index/deviceDetail/deviceDetail.js|441:34:441:100","E:/MiniCAT_Linux_sync/dec_dir/wxda28f39391f7372d_dec/pages/index/deviceDetail/deviceDetail.js|433:40:433:55","entry node of functio ...       }","toDeviceUpdate"
"E:/MiniCAT_Linux_sync/dec_dir/wxda28f39391f7372d_dec/pages/index/deviceDetail/deviceDetail.js|441:34:441:100","E:/MiniCAT_Linux_sync/dec_dir/wxda28f39391f7372d_dec/pages/index/deviceDetail/deviceDetail.js|433:40:433:48","entry node of functio ...       }","toDeviceUpdate"
"E:/MiniCAT_Linux_sync/dec_dir/wxda28f39391f7372d_dec/pages/index/deviceDetail/deviceDetail.js|441:34:441:100","E:/MiniCAT_Linux_sync/dec_dir/wxda28f39391f7372d_dec/pages/index/deviceDetail/deviceDetail.js|434:36:434:57","entry node of functio ...       }","toDeviceUpdate"
"E:/MiniCAT_Linux_sync/dec_dir/wxda28f39391f7372d_dec/pages/index/deviceDetail/deviceDetail.js|441:34:441:100","E:/MiniCAT_Linux_sync/dec_dir/wxda28f39391f7372d_dec/pages/index/deviceDetail/deviceDetail.js|434:36:434:51","entry node of functio ...       }","toDeviceUpdate"
"E:/MiniCAT_Linux_sync/dec_dir/wxda28f39391f7372d_dec/pages/index/deviceDetail/deviceDetail.js|441:34:441:100","E:/MiniCAT_Linux_sync/dec_dir/wxda28f39391f7372d_dec/pages/index/deviceDetail/deviceDetail.js|434:36:434:44","entry node of functio ...       }","toDeviceUpdate"
"E:/MiniCAT_Linux_sync/dec_dir/wxda28f39391f7372d_dec/pages/index/deviceDetail/deviceDetail.js|441:34:441:100","E:/MiniCAT_Linux_sync/dec_dir/wxda28f39391f7372d_dec/pages/index/deviceDetail/deviceDetail.js|435:35:435:59","entry node of functio ...       }","toDeviceUpdate"
"E:/MiniCAT_Linux_sync/dec_dir/wxda28f39391f7372d_dec/pages/index/deviceDetail/deviceDetail.js|441:34:441:100","E:/MiniCAT_Linux_sync/dec_dir/wxda28f39391f7372d_dec/pages/index/deviceDetail/deviceDetail.js|435:35:435:55","entry node of functio ...       }","toDeviceUpdate"
"E:/MiniCAT_Linux_sync/dec_dir/wxda28f39391f7372d_dec/pages/index/deviceDetail/deviceDetail.js|441:34:441:100","E:/MiniCAT_Linux_sync/dec_dir/wxda28f39391f7372d_dec/pages/index/deviceDetail/deviceDetail.js|435:35:435:50","entry node of functio ...       }","toDeviceUpdate"
"E:/MiniCAT_Linux_sync/dec_dir/wxda28f39391f7372d_dec/pages/index/deviceDetail/deviceDetail.js|441:34:441:100","E:/MiniCAT_Linux_sync/dec_dir/wxda28f39391f7372d_dec/pages/index/deviceDetail/deviceDetail.js|435:35:435:43","entry node of functio ...       }","toDeviceUpdate"
"E:/MiniCAT_Linux_sync/dec_dir/wxda28f39391f7372d_dec/pages/index/deviceDetail/deviceDetail.js|441:34:441:100","E:/MiniCAT_Linux_sync/dec_dir/wxda28f39391f7372d_dec/pages/index/deviceDetail/deviceDetail.js|436:42:436:69","entry node of functio ...       }","toDeviceUpdate"
"E:/MiniCAT_Linux_sync/dec_dir/wxda28f39391f7372d_dec/pages/index/deviceDetail/deviceDetail.js|441:34:441:100","E:/MiniCAT_Linux_sync/dec_dir/wxda28f39391f7372d_dec/pages/index/deviceDetail/deviceDetail.js|436:42:436:57","entry node of functio ...       }","toDeviceUpdate"
"E:/MiniCAT_Linux_sync/dec_dir/wxda28f39391f7372d_dec/pages/index/deviceDetail/deviceDetail.js|441:34:441:100","E:/MiniCAT_Linux_sync/dec_dir/wxda28f39391f7372d_dec/pages/index/deviceDetail/deviceDetail.js|436:42:436:50","entry node of functio ...       }","toDeviceUpdate"
"E:/MiniCAT_Linux_sync/dec_dir/wxda28f39391f7372d_dec/pages/index/deviceDetail/deviceDetail.js|441:34:441:100","E:/MiniCAT_Linux_sync/dec_dir/wxda28f39391f7372d_dec/pages/index/deviceDetail/deviceDetail.js|437:42:437:65","version ... || ""7E""","toDeviceUpdate"
"E:/MiniCAT_Linux_sync/dec_dir/wxda28f39391f7372d_dec/pages/index/deviceDetail/deviceDetail.js|441:34:441:100","E:/MiniCAT_Linux_sync/dec_dir/wxda28f39391f7372d_dec/pages/index/deviceDetail/deviceDetail.js|437:42:437:57","version ... || ""7E""","toDeviceUpdate"
"E:/MiniCAT_Linux_sync/dec_dir/wxda28f39391f7372d_dec/pages/index/deviceDetail/deviceDetail.js|441:34:441:100","E:/MiniCAT_Linux_sync/dec_dir/wxda28f39391f7372d_dec/pages/index/deviceDetail/deviceDetail.js|437:42:437:50","version ... || ""7E""","toDeviceUpdate"
"E:/MiniCAT_Linux_sync/dec_dir/wxda28f39391f7372d_dec/pages/index/deviceDetail/deviceDetail.js|441:34:441:100","E:/MiniCAT_Linux_sync/dec_dir/wxda28f39391f7372d_dec/pages/index/deviceDetail/deviceDetail.js|438:44:438:73","version ... n || """"","toDeviceUpdate"
"E:/MiniCAT_Linux_sync/dec_dir/wxda28f39391f7372d_dec/pages/index/deviceDetail/deviceDetail.js|441:34:441:100","E:/MiniCAT_Linux_sync/dec_dir/wxda28f39391f7372d_dec/pages/index/deviceDetail/deviceDetail.js|438:44:438:59","version ... n || """"","toDeviceUpdate"
"E:/MiniCAT_Linux_sync/dec_dir/wxda28f39391f7372d_dec/pages/index/deviceDetail/deviceDetail.js|441:34:441:100","E:/MiniCAT_Linux_sync/dec_dir/wxda28f39391f7372d_dec/pages/index/deviceDetail/deviceDetail.js|438:44:438:52","version ... n || """"","toDeviceUpdate"
"E:/MiniCAT_Linux_sync/dec_dir/wxda28f39391f7372d_dec/pages/index/deviceDetail/deviceDetail.js|457:34:457:106","E:/MiniCAT_Linux_sync/dec_dir/wxda28f39391f7372d_dec/pages/index/deviceDetail/deviceDetail.js|445:33:455:25","entry node of functio ...       }","toUseRecord"
"E:/MiniCAT_Linux_sync/dec_dir/wxda28f39391f7372d_dec/pages/index/deviceDetail/deviceDetail.js|457:34:457:106","E:/MiniCAT_Linux_sync/dec_dir/wxda28f39391f7372d_dec/pages/index/deviceDetail/deviceDetail.js|446:34:446:47","entry node of functio ...       }","toUseRecord"
"E:/MiniCAT_Linux_sync/dec_dir/wxda28f39391f7372d_dec/pages/index/deviceDetail/deviceDetail.js|457:34:457:106","E:/MiniCAT_Linux_sync/dec_dir/wxda28f39391f7372d_dec/pages/index/deviceDetail/deviceDetail.js|446:34:446:43","entry node of functio ...       }","toUseRecord"
"E:/MiniCAT_Linux_sync/dec_dir/wxda28f39391f7372d_dec/pages/index/deviceDetail/deviceDetail.js|457:34:457:106","E:/MiniCAT_Linux_sync/dec_dir/wxda28f39391f7372d_dec/pages/index/deviceDetail/deviceDetail.js|447:37:454:29","entry node of functio ...       }","toUseRecord"
"E:/MiniCAT_Linux_sync/dec_dir/wxda28f39391f7372d_dec/pages/index/deviceDetail/deviceDetail.js|457:34:457:106","E:/MiniCAT_Linux_sync/dec_dir/wxda28f39391f7372d_dec/pages/index/deviceDetail/deviceDetail.js|448:38:448:57","entry node of functio ...       }","toUseRecord"
"E:/MiniCAT_Linux_sync/dec_dir/wxda28f39391f7372d_dec/pages/index/deviceDetail/deviceDetail.js|457:34:457:106","E:/MiniCAT_Linux_sync/dec_dir/wxda28f39391f7372d_dec/pages/index/deviceDetail/deviceDetail.js|448:38:448:53","entry node of functio ...       }","toUseRecord"
"E:/MiniCAT_Linux_sync/dec_dir/wxda28f39391f7372d_dec/pages/index/deviceDetail/deviceDetail.js|457:34:457:106","E:/MiniCAT_Linux_sync/dec_dir/wxda28f39391f7372d_dec/pages/index/deviceDetail/deviceDetail.js|448:38:448:46","entry node of functio ...       }","toUseRecord"
"E:/MiniCAT_Linux_sync/dec_dir/wxda28f39391f7372d_dec/pages/index/deviceDetail/deviceDetail.js|457:34:457:106","E:/MiniCAT_Linux_sync/dec_dir/wxda28f39391f7372d_dec/pages/index/deviceDetail/deviceDetail.js|449:38:449:57","entry node of functio ...       }","toUseRecord"
"E:/MiniCAT_Linux_sync/dec_dir/wxda28f39391f7372d_dec/pages/index/deviceDetail/deviceDetail.js|457:34:457:106","E:/MiniCAT_Linux_sync/dec_dir/wxda28f39391f7372d_dec/pages/index/deviceDetail/deviceDetail.js|449:38:449:53","entry node of functio ...       }","toUseRecord"
"E:/MiniCAT_Linux_sync/dec_dir/wxda28f39391f7372d_dec/pages/index/deviceDetail/deviceDetail.js|457:34:457:106","E:/MiniCAT_Linux_sync/dec_dir/wxda28f39391f7372d_dec/pages/index/deviceDetail/deviceDetail.js|449:38:449:46","entry node of functio ...       }","toUseRecord"
"E:/MiniCAT_Linux_sync/dec_dir/wxda28f39391f7372d_dec/pages/index/deviceDetail/deviceDetail.js|457:34:457:106","E:/MiniCAT_Linux_sync/dec_dir/wxda28f39391f7372d_dec/pages/index/deviceDetail/deviceDetail.js|450:44:450:69","entry node of functio ...       }","toUseRecord"
"E:/MiniCAT_Linux_sync/dec_dir/wxda28f39391f7372d_dec/pages/index/deviceDetail/deviceDetail.js|457:34:457:106","E:/MiniCAT_Linux_sync/dec_dir/wxda28f39391f7372d_dec/pages/index/deviceDetail/deviceDetail.js|450:44:450:59","entry node of functio ...       }","toUseRecord"
"E:/MiniCAT_Linux_sync/dec_dir/wxda28f39391f7372d_dec/pages/index/deviceDetail/deviceDetail.js|457:34:457:106","E:/MiniCAT_Linux_sync/dec_dir/wxda28f39391f7372d_dec/pages/index/deviceDetail/deviceDetail.js|450:44:450:52","entry node of functio ...       }","toUseRecord"
"E:/MiniCAT_Linux_sync/dec_dir/wxda28f39391f7372d_dec/pages/index/deviceDetail/deviceDetail.js|457:34:457:106","E:/MiniCAT_Linux_sync/dec_dir/wxda28f39391f7372d_dec/pages/index/deviceDetail/deviceDetail.js|451:46:451:73","entry node of functio ...       }","toUseRecord"
"E:/MiniCAT_Linux_sync/dec_dir/wxda28f39391f7372d_dec/pages/index/deviceDetail/deviceDetail.js|457:34:457:106","E:/MiniCAT_Linux_sync/dec_dir/wxda28f39391f7372d_dec/pages/index/deviceDetail/deviceDetail.js|451:46:451:61","entry node of functio ...       }","toUseRecord"
"E:/MiniCAT_Linux_sync/dec_dir/wxda28f39391f7372d_dec/pages/index/deviceDetail/deviceDetail.js|457:34:457:106","E:/MiniCAT_Linux_sync/dec_dir/wxda28f39391f7372d_dec/pages/index/deviceDetail/deviceDetail.js|451:46:451:54","entry node of functio ...       }","toUseRecord"
"E:/MiniCAT_Linux_sync/dec_dir/wxda28f39391f7372d_dec/pages/index/deviceDetail/deviceDetail.js|457:34:457:106","E:/MiniCAT_Linux_sync/dec_dir/wxda28f39391f7372d_dec/pages/index/deviceDetail/deviceDetail.js|452:39:452:63","entry node of functio ...       }","toUseRecord"
"E:/MiniCAT_Linux_sync/dec_dir/wxda28f39391f7372d_dec/pages/index/deviceDetail/deviceDetail.js|457:34:457:106","E:/MiniCAT_Linux_sync/dec_dir/wxda28f39391f7372d_dec/pages/index/deviceDetail/deviceDetail.js|452:39:452:59","entry node of functio ...       }","toUseRecord"
"E:/MiniCAT_Linux_sync/dec_dir/wxda28f39391f7372d_dec/pages/index/deviceDetail/deviceDetail.js|457:34:457:106","E:/MiniCAT_Linux_sync/dec_dir/wxda28f39391f7372d_dec/pages/index/deviceDetail/deviceDetail.js|452:39:452:54","entry node of functio ...       }","toUseRecord"
"E:/MiniCAT_Linux_sync/dec_dir/wxda28f39391f7372d_dec/pages/index/deviceDetail/deviceDetail.js|457:34:457:106","E:/MiniCAT_Linux_sync/dec_dir/wxda28f39391f7372d_dec/pages/index/deviceDetail/deviceDetail.js|452:39:452:47","entry node of functio ...       }","toUseRecord"
"E:/MiniCAT_Linux_sync/dec_dir/wxda28f39391f7372d_dec/pages/index/deviceDetail/deviceDetail.js|457:34:457:106","E:/MiniCAT_Linux_sync/dec_dir/wxda28f39391f7372d_dec/pages/index/deviceDetail/deviceDetail.js|453:46:453:66","entry node of functio ...       }","toUseRecord"
"E:/MiniCAT_Linux_sync/dec_dir/wxda28f39391f7372d_dec/pages/index/deviceDetail/deviceDetail.js|457:34:457:106","E:/MiniCAT_Linux_sync/dec_dir/wxda28f39391f7372d_dec/pages/index/deviceDetail/deviceDetail.js|453:46:453:54","entry node of functio ...       }","toUseRecord"
"E:/MiniCAT_Linux_sync/dec_dir/wxda28f39391f7372d_dec/pages/index/deviceDetail/deviceDetail.js|465:34:465:96","E:/MiniCAT_Linux_sync/dec_dir/wxda28f39391f7372d_dec/pages/index/deviceDetail/deviceDetail.js|461:33:463:25","entry node of functio ...       }","toAuthManage"
"E:/MiniCAT_Linux_sync/dec_dir/wxda28f39391f7372d_dec/pages/index/deviceDetail/deviceDetail.js|465:34:465:96","E:/MiniCAT_Linux_sync/dec_dir/wxda28f39391f7372d_dec/pages/index/deviceDetail/deviceDetail.js|462:34:462:47","entry node of functio ...       }","toAuthManage"
"E:/MiniCAT_Linux_sync/dec_dir/wxda28f39391f7372d_dec/pages/index/deviceDetail/deviceDetail.js|465:34:465:96","E:/MiniCAT_Linux_sync/dec_dir/wxda28f39391f7372d_dec/pages/index/deviceDetail/deviceDetail.js|462:34:462:43","entry node of functio ...       }","toAuthManage"
"E:/MiniCAT_Linux_sync/dec_dir/wxda28f39391f7372d_dec/pages/index/deviceDetail/deviceDetail.js|476:34:476:100","E:/MiniCAT_Linux_sync/dec_dir/wxda28f39391f7372d_dec/pages/index/deviceDetail/deviceDetail.js|469:33:474:25","entry node of functio ...       }","toDeviceFinger"
"E:/MiniCAT_Linux_sync/dec_dir/wxda28f39391f7372d_dec/pages/index/deviceDetail/deviceDetail.js|476:34:476:100","E:/MiniCAT_Linux_sync/dec_dir/wxda28f39391f7372d_dec/pages/index/deviceDetail/deviceDetail.js|470:34:470:53","entry node of functio ...       }","toDeviceFinger"
"E:/MiniCAT_Linux_sync/dec_dir/wxda28f39391f7372d_dec/pages/index/deviceDetail/deviceDetail.js|476:34:476:100","E:/MiniCAT_Linux_sync/dec_dir/wxda28f39391f7372d_dec/pages/index/deviceDetail/deviceDetail.js|470:34:470:49","entry node of functio ...       }","toDeviceFinger"
"E:/MiniCAT_Linux_sync/dec_dir/wxda28f39391f7372d_dec/pages/index/deviceDetail/deviceDetail.js|476:34:476:100","E:/MiniCAT_Linux_sync/dec_dir/wxda28f39391f7372d_dec/pages/index/deviceDetail/deviceDetail.js|470:34:470:42","entry node of functio ...       }","toDeviceFinger"
"E:/MiniCAT_Linux_sync/dec_dir/wxda28f39391f7372d_dec/pages/index/deviceDetail/deviceDetail.js|476:34:476:100","E:/MiniCAT_Linux_sync/dec_dir/wxda28f39391f7372d_dec/pages/index/deviceDetail/deviceDetail.js|471:34:471:53","entry node of functio ...       }","toDeviceFinger"
"E:/MiniCAT_Linux_sync/dec_dir/wxda28f39391f7372d_dec/pages/index/deviceDetail/deviceDetail.js|476:34:476:100","E:/MiniCAT_Linux_sync/dec_dir/wxda28f39391f7372d_dec/pages/index/deviceDetail/deviceDetail.js|471:34:471:49","entry node of functio ...       }","toDeviceFinger"
"E:/MiniCAT_Linux_sync/dec_dir/wxda28f39391f7372d_dec/pages/index/deviceDetail/deviceDetail.js|476:34:476:100","E:/MiniCAT_Linux_sync/dec_dir/wxda28f39391f7372d_dec/pages/index/deviceDetail/deviceDetail.js|471:34:471:42","entry node of functio ...       }","toDeviceFinger"
"E:/MiniCAT_Linux_sync/dec_dir/wxda28f39391f7372d_dec/pages/index/deviceDetail/deviceDetail.js|476:34:476:100","E:/MiniCAT_Linux_sync/dec_dir/wxda28f39391f7372d_dec/pages/index/deviceDetail/deviceDetail.js|472:40:472:65","entry node of functio ...       }","toDeviceFinger"
"E:/MiniCAT_Linux_sync/dec_dir/wxda28f39391f7372d_dec/pages/index/deviceDetail/deviceDetail.js|476:34:476:100","E:/MiniCAT_Linux_sync/dec_dir/wxda28f39391f7372d_dec/pages/index/deviceDetail/deviceDetail.js|472:40:472:55","entry node of functio ...       }","toDeviceFinger"
"E:/MiniCAT_Linux_sync/dec_dir/wxda28f39391f7372d_dec/pages/index/deviceDetail/deviceDetail.js|476:34:476:100","E:/MiniCAT_Linux_sync/dec_dir/wxda28f39391f7372d_dec/pages/index/deviceDetail/deviceDetail.js|472:40:472:48","entry node of functio ...       }","toDeviceFinger"
"E:/MiniCAT_Linux_sync/dec_dir/wxda28f39391f7372d_dec/pages/index/deviceDetail/deviceDetail.js|476:34:476:100","E:/MiniCAT_Linux_sync/dec_dir/wxda28f39391f7372d_dec/pages/index/deviceDetail/deviceDetail.js|473:36:473:57","entry node of functio ...       }","toDeviceFinger"
"E:/MiniCAT_Linux_sync/dec_dir/wxda28f39391f7372d_dec/pages/index/deviceDetail/deviceDetail.js|476:34:476:100","E:/MiniCAT_Linux_sync/dec_dir/wxda28f39391f7372d_dec/pages/index/deviceDetail/deviceDetail.js|473:36:473:51","entry node of functio ...       }","toDeviceFinger"
"E:/MiniCAT_Linux_sync/dec_dir/wxda28f39391f7372d_dec/pages/index/deviceDetail/deviceDetail.js|476:34:476:100","E:/MiniCAT_Linux_sync/dec_dir/wxda28f39391f7372d_dec/pages/index/deviceDetail/deviceDetail.js|473:36:473:44","entry node of functio ...       }","toDeviceFinger"
"E:/MiniCAT_Linux_sync/dec_dir/wxda28f39391f7372d_dec/pages/index/deviceDetail/deviceDetail.js|487:34:487:96","E:/MiniCAT_Linux_sync/dec_dir/wxda28f39391f7372d_dec/pages/index/deviceDetail/deviceDetail.js|480:33:485:25","entry node of functio ...       }","toICManage"
"E:/MiniCAT_Linux_sync/dec_dir/wxda28f39391f7372d_dec/pages/index/deviceDetail/deviceDetail.js|487:34:487:96","E:/MiniCAT_Linux_sync/dec_dir/wxda28f39391f7372d_dec/pages/index/deviceDetail/deviceDetail.js|481:34:481:53","entry node of functio ...       }","toICManage"
"E:/MiniCAT_Linux_sync/dec_dir/wxda28f39391f7372d_dec/pages/index/deviceDetail/deviceDetail.js|487:34:487:96","E:/MiniCAT_Linux_sync/dec_dir/wxda28f39391f7372d_dec/pages/index/deviceDetail/deviceDetail.js|481:34:481:49","entry node of functio ...       }","toICManage"
"E:/MiniCAT_Linux_sync/dec_dir/wxda28f39391f7372d_dec/pages/index/deviceDetail/deviceDetail.js|487:34:487:96","E:/MiniCAT_Linux_sync/dec_dir/wxda28f39391f7372d_dec/pages/index/deviceDetail/deviceDetail.js|481:34:481:42","entry node of functio ...       }","toICManage"
"E:/MiniCAT_Linux_sync/dec_dir/wxda28f39391f7372d_dec/pages/index/deviceDetail/deviceDetail.js|487:34:487:96","E:/MiniCAT_Linux_sync/dec_dir/wxda28f39391f7372d_dec/pages/index/deviceDetail/deviceDetail.js|482:34:482:53","entry node of functio ...       }","toICManage"
"E:/MiniCAT_Linux_sync/dec_dir/wxda28f39391f7372d_dec/pages/index/deviceDetail/deviceDetail.js|487:34:487:96","E:/MiniCAT_Linux_sync/dec_dir/wxda28f39391f7372d_dec/pages/index/deviceDetail/deviceDetail.js|482:34:482:49","entry node of functio ...       }","toICManage"
"E:/MiniCAT_Linux_sync/dec_dir/wxda28f39391f7372d_dec/pages/index/deviceDetail/deviceDetail.js|487:34:487:96","E:/MiniCAT_Linux_sync/dec_dir/wxda28f39391f7372d_dec/pages/index/deviceDetail/deviceDetail.js|482:34:482:42","entry node of functio ...       }","toICManage"
"E:/MiniCAT_Linux_sync/dec_dir/wxda28f39391f7372d_dec/pages/index/deviceDetail/deviceDetail.js|487:34:487:96","E:/MiniCAT_Linux_sync/dec_dir/wxda28f39391f7372d_dec/pages/index/deviceDetail/deviceDetail.js|483:40:483:65","entry node of functio ...       }","toICManage"
"E:/MiniCAT_Linux_sync/dec_dir/wxda28f39391f7372d_dec/pages/index/deviceDetail/deviceDetail.js|487:34:487:96","E:/MiniCAT_Linux_sync/dec_dir/wxda28f39391f7372d_dec/pages/index/deviceDetail/deviceDetail.js|483:40:483:55","entry node of functio ...       }","toICManage"
"E:/MiniCAT_Linux_sync/dec_dir/wxda28f39391f7372d_dec/pages/index/deviceDetail/deviceDetail.js|487:34:487:96","E:/MiniCAT_Linux_sync/dec_dir/wxda28f39391f7372d_dec/pages/index/deviceDetail/deviceDetail.js|483:40:483:48","entry node of functio ...       }","toICManage"
"E:/MiniCAT_Linux_sync/dec_dir/wxda28f39391f7372d_dec/pages/index/deviceDetail/deviceDetail.js|487:34:487:96","E:/MiniCAT_Linux_sync/dec_dir/wxda28f39391f7372d_dec/pages/index/deviceDetail/deviceDetail.js|484:36:484:57","entry node of functio ...       }","toICManage"
"E:/MiniCAT_Linux_sync/dec_dir/wxda28f39391f7372d_dec/pages/index/deviceDetail/deviceDetail.js|487:34:487:96","E:/MiniCAT_Linux_sync/dec_dir/wxda28f39391f7372d_dec/pages/index/deviceDetail/deviceDetail.js|484:36:484:51","entry node of functio ...       }","toICManage"
"E:/MiniCAT_Linux_sync/dec_dir/wxda28f39391f7372d_dec/pages/index/deviceDetail/deviceDetail.js|487:34:487:96","E:/MiniCAT_Linux_sync/dec_dir/wxda28f39391f7372d_dec/pages/index/deviceDetail/deviceDetail.js|484:36:484:44","entry node of functio ...       }","toICManage"
"E:/MiniCAT_Linux_sync/dec_dir/wxda28f39391f7372d_dec/pages/index/deviceDetail/deviceDetail.js|498:34:498:96","E:/MiniCAT_Linux_sync/dec_dir/wxda28f39391f7372d_dec/pages/index/deviceDetail/deviceDetail.js|491:33:496:25","entry node of functio ...       }","toFastManage"
"E:/MiniCAT_Linux_sync/dec_dir/wxda28f39391f7372d_dec/pages/index/deviceDetail/deviceDetail.js|498:34:498:96","E:/MiniCAT_Linux_sync/dec_dir/wxda28f39391f7372d_dec/pages/index/deviceDetail/deviceDetail.js|492:34:492:53","entry node of functio ...       }","toFastManage"
"E:/MiniCAT_Linux_sync/dec_dir/wxda28f39391f7372d_dec/pages/index/deviceDetail/deviceDetail.js|498:34:498:96","E:/MiniCAT_Linux_sync/dec_dir/wxda28f39391f7372d_dec/pages/index/deviceDetail/deviceDetail.js|492:34:492:49","entry node of functio ...       }","toFastManage"
"E:/MiniCAT_Linux_sync/dec_dir/wxda28f39391f7372d_dec/pages/index/deviceDetail/deviceDetail.js|498:34:498:96","E:/MiniCAT_Linux_sync/dec_dir/wxda28f39391f7372d_dec/pages/index/deviceDetail/deviceDetail.js|492:34:492:42","entry node of functio ...       }","toFastManage"
"E:/MiniCAT_Linux_sync/dec_dir/wxda28f39391f7372d_dec/pages/index/deviceDetail/deviceDetail.js|498:34:498:96","E:/MiniCAT_Linux_sync/dec_dir/wxda28f39391f7372d_dec/pages/index/deviceDetail/deviceDetail.js|493:34:493:53","entry node of functio ...       }","toFastManage"
"E:/MiniCAT_Linux_sync/dec_dir/wxda28f39391f7372d_dec/pages/index/deviceDetail/deviceDetail.js|498:34:498:96","E:/MiniCAT_Linux_sync/dec_dir/wxda28f39391f7372d_dec/pages/index/deviceDetail/deviceDetail.js|493:34:493:49","entry node of functio ...       }","toFastManage"
"E:/MiniCAT_Linux_sync/dec_dir/wxda28f39391f7372d_dec/pages/index/deviceDetail/deviceDetail.js|498:34:498:96","E:/MiniCAT_Linux_sync/dec_dir/wxda28f39391f7372d_dec/pages/index/deviceDetail/deviceDetail.js|493:34:493:42","entry node of functio ...       }","toFastManage"
"E:/MiniCAT_Linux_sync/dec_dir/wxda28f39391f7372d_dec/pages/index/deviceDetail/deviceDetail.js|498:34:498:96","E:/MiniCAT_Linux_sync/dec_dir/wxda28f39391f7372d_dec/pages/index/deviceDetail/deviceDetail.js|494:40:494:65","entry node of functio ...       }","toFastManage"
"E:/MiniCAT_Linux_sync/dec_dir/wxda28f39391f7372d_dec/pages/index/deviceDetail/deviceDetail.js|498:34:498:96","E:/MiniCAT_Linux_sync/dec_dir/wxda28f39391f7372d_dec/pages/index/deviceDetail/deviceDetail.js|494:40:494:55","entry node of functio ...       }","toFastManage"
"E:/MiniCAT_Linux_sync/dec_dir/wxda28f39391f7372d_dec/pages/index/deviceDetail/deviceDetail.js|498:34:498:96","E:/MiniCAT_Linux_sync/dec_dir/wxda28f39391f7372d_dec/pages/index/deviceDetail/deviceDetail.js|494:40:494:48","entry node of functio ...       }","toFastManage"
"E:/MiniCAT_Linux_sync/dec_dir/wxda28f39391f7372d_dec/pages/index/deviceDetail/deviceDetail.js|498:34:498:96","E:/MiniCAT_Linux_sync/dec_dir/wxda28f39391f7372d_dec/pages/index/deviceDetail/deviceDetail.js|495:36:495:57","entry node of functio ...       }","toFastManage"
"E:/MiniCAT_Linux_sync/dec_dir/wxda28f39391f7372d_dec/pages/index/deviceDetail/deviceDetail.js|498:34:498:96","E:/MiniCAT_Linux_sync/dec_dir/wxda28f39391f7372d_dec/pages/index/deviceDetail/deviceDetail.js|495:36:495:51","entry node of functio ...       }","toFastManage"
"E:/MiniCAT_Linux_sync/dec_dir/wxda28f39391f7372d_dec/pages/index/deviceDetail/deviceDetail.js|498:34:498:96","E:/MiniCAT_Linux_sync/dec_dir/wxda28f39391f7372d_dec/pages/index/deviceDetail/deviceDetail.js|495:36:495:44","entry node of functio ...       }","toFastManage"
"E:/MiniCAT_Linux_sync/dec_dir/wxda28f39391f7372d_dec/pages/index/deviceDetail/deviceDetail.js|543:34:543:94","E:/MiniCAT_Linux_sync/dec_dir/wxda28f39391f7372d_dec/pages/index/deviceDetail/deviceDetail.js|535:33:541:25","entry node of functio ...       }","toPwdManage"
"E:/MiniCAT_Linux_sync/dec_dir/wxda28f39391f7372d_dec/pages/index/deviceDetail/deviceDetail.js|543:34:543:94","E:/MiniCAT_Linux_sync/dec_dir/wxda28f39391f7372d_dec/pages/index/deviceDetail/deviceDetail.js|536:34:536:53","entry node of functio ...       }","toPwdManage"
"E:/MiniCAT_Linux_sync/dec_dir/wxda28f39391f7372d_dec/pages/index/deviceDetail/deviceDetail.js|543:34:543:94","E:/MiniCAT_Linux_sync/dec_dir/wxda28f39391f7372d_dec/pages/index/deviceDetail/deviceDetail.js|536:34:536:49","entry node of functio ...       }","toPwdManage"
"E:/MiniCAT_Linux_sync/dec_dir/wxda28f39391f7372d_dec/pages/index/deviceDetail/deviceDetail.js|543:34:543:94","E:/MiniCAT_Linux_sync/dec_dir/wxda28f39391f7372d_dec/pages/index/deviceDetail/deviceDetail.js|536:34:536:42","entry node of functio ...       }","toPwdManage"
"E:/MiniCAT_Linux_sync/dec_dir/wxda28f39391f7372d_dec/pages/index/deviceDetail/deviceDetail.js|543:34:543:94","E:/MiniCAT_Linux_sync/dec_dir/wxda28f39391f7372d_dec/pages/index/deviceDetail/deviceDetail.js|537:35:537:55","entry node of functio ...       }","toPwdManage"
"E:/MiniCAT_Linux_sync/dec_dir/wxda28f39391f7372d_dec/pages/index/deviceDetail/deviceDetail.js|543:34:543:94","E:/MiniCAT_Linux_sync/dec_dir/wxda28f39391f7372d_dec/pages/index/deviceDetail/deviceDetail.js|537:35:537:50","entry node of functio ...       }","toPwdManage"
"E:/MiniCAT_Linux_sync/dec_dir/wxda28f39391f7372d_dec/pages/index/deviceDetail/deviceDetail.js|543:34:543:94","E:/MiniCAT_Linux_sync/dec_dir/wxda28f39391f7372d_dec/pages/index/deviceDetail/deviceDetail.js|537:35:537:43","entry node of functio ...       }","toPwdManage"
"E:/MiniCAT_Linux_sync/dec_dir/wxda28f39391f7372d_dec/pages/index/deviceDetail/deviceDetail.js|543:34:543:94","E:/MiniCAT_Linux_sync/dec_dir/wxda28f39391f7372d_dec/pages/index/deviceDetail/deviceDetail.js|538:34:538:53","entry node of functio ...       }","toPwdManage"
"E:/MiniCAT_Linux_sync/dec_dir/wxda28f39391f7372d_dec/pages/index/deviceDetail/deviceDetail.js|543:34:543:94","E:/MiniCAT_Linux_sync/dec_dir/wxda28f39391f7372d_dec/pages/index/deviceDetail/deviceDetail.js|538:34:538:49","entry node of functio ...       }","toPwdManage"
"E:/MiniCAT_Linux_sync/dec_dir/wxda28f39391f7372d_dec/pages/index/deviceDetail/deviceDetail.js|543:34:543:94","E:/MiniCAT_Linux_sync/dec_dir/wxda28f39391f7372d_dec/pages/index/deviceDetail/deviceDetail.js|538:34:538:42","entry node of functio ...       }","toPwdManage"
"E:/MiniCAT_Linux_sync/dec_dir/wxda28f39391f7372d_dec/pages/index/deviceDetail/deviceDetail.js|543:34:543:94","E:/MiniCAT_Linux_sync/dec_dir/wxda28f39391f7372d_dec/pages/index/deviceDetail/deviceDetail.js|539:40:539:65","entry node of functio ...       }","toPwdManage"
"E:/MiniCAT_Linux_sync/dec_dir/wxda28f39391f7372d_dec/pages/index/deviceDetail/deviceDetail.js|543:34:543:94","E:/MiniCAT_Linux_sync/dec_dir/wxda28f39391f7372d_dec/pages/index/deviceDetail/deviceDetail.js|539:40:539:55","entry node of functio ...       }","toPwdManage"
"E:/MiniCAT_Linux_sync/dec_dir/wxda28f39391f7372d_dec/pages/index/deviceDetail/deviceDetail.js|543:34:543:94","E:/MiniCAT_Linux_sync/dec_dir/wxda28f39391f7372d_dec/pages/index/deviceDetail/deviceDetail.js|539:40:539:48","entry node of functio ...       }","toPwdManage"
"E:/MiniCAT_Linux_sync/dec_dir/wxda28f39391f7372d_dec/pages/index/deviceDetail/deviceDetail.js|543:34:543:94","E:/MiniCAT_Linux_sync/dec_dir/wxda28f39391f7372d_dec/pages/index/deviceDetail/deviceDetail.js|540:36:540:57","entry node of functio ...       }","toPwdManage"
"E:/MiniCAT_Linux_sync/dec_dir/wxda28f39391f7372d_dec/pages/index/deviceDetail/deviceDetail.js|543:34:543:94","E:/MiniCAT_Linux_sync/dec_dir/wxda28f39391f7372d_dec/pages/index/deviceDetail/deviceDetail.js|540:36:540:51","entry node of functio ...       }","toPwdManage"
"E:/MiniCAT_Linux_sync/dec_dir/wxda28f39391f7372d_dec/pages/index/deviceDetail/deviceDetail.js|543:34:543:94","E:/MiniCAT_Linux_sync/dec_dir/wxda28f39391f7372d_dec/pages/index/deviceDetail/deviceDetail.js|540:36:540:44","entry node of functio ...       }","toPwdManage"
"E:/MiniCAT_Linux_sync/dec_dir/wxda28f39391f7372d_dec/common/vendor.js|2011:30:2011:68","E:/MiniCAT_Linux_sync/dec_dir/wxda28f39391f7372d_dec/common/vendor.js|2011:66:2011:67","guard: n is false","toPage"
